Date,0669.HK,2285.HK
2015-01-01,100.0,100.0
2015-01-02,100.64447108785832,102.82774391272542
2015-01-05,97.40259254569669,99.37098367203131
2015-01-06,97.19739755771056,100.2246938674688
2015-01-07,94.07735472270268,102.92678682429536
2015-01-08,93.79134931485729,105.42236361640408
2015-01-09,93.95327289660258,105.68981535143584
2015-01-12,93.22240391321522,104.02604040981763
2015-01-13,93.79823044358352,102.83423155966854
2015-01-14,89.93374071946155,102.79893487673223
2015-01-15,92.32706318775136,104.61795345573171
2015-01-16,94.69632460445806,99.69066103803557
2015-01-19,93.48574225662492,98.25049913789755
2015-01-20,93.2424202651465,98.88592494647614
2015-01-21,93.51224947221694,98.29991827376216
2015-01-22,94.93118939666921,98.56466921689793
2015-01-23,96.0590239433235,97.82930284339598
2015-01-26,97.34335343654018,97.87166033771479
2015-01-27,96.76089831376467,97.35012447551509
2015-01-28,96.29930224926451,98.90544825932555
2015-01-29,98.65667199019836,97.18867119338326
2015-01-30,102.62494288070147,99.87145429381894
2015-02-02,105.3391353024755,100.80310015933675
2015-02-03,103.47510280886125,96.94688923660783
2015-02-04,102.54745319584575,97.73806816195763
2015-02-05,102.71514508570954,96.77162403348059
2015-02-06,103.55231691647369,95.3573395061735
2015-02-09,102.50922345119491,95.93303674774891
2015-02-10,103.66963346506365,94.5468082574666
2015-02-11,101.52297079851753,95.09470102256601
2015-02-12,100.49873087420977,94.8533977793583
2015-02-13,98.78165264434553,96.51208457548213
2015-02-16,100.47176627114993,96.27624045583485
2015-02-17,100.5726788437505,95.96950249054022
2015-02-18,101.81876717015894,93.09665767776411
2015-02-19,104.54179353741023,91.96271231173762
2015-02-20,103.90699485373793,89.16622200716225
2015-02-23,104.35887134883215,88.89476974517142
2015-02-24,105.17100830235921,88.5360073710468
2015-02-25,106.76493536538165,87.65776194625953
2015-02-26,103.30502541816904,87.35538886398889
2015-02-27,105.21777495034988,88.09793520989389
2015-03-02,104.63570484160019,87.52447501077299
2015-03-03,103.86633823603579,82.92179436758919
2015-03-04,102.64928393853539,82.54898699095129
2015-03-05,101.52207151331478,84.98684686585315
2015-03-06,101.87896639715134,84.05314641806814
2015-03-09,100.30695526533924,83.80308583011553
2015-03-10,98.39799388968544,81.2920482857132
2015-03-11,97.7838500507125,80.89403484812661
2015-03-12,95.66377219042207,79.62526539647166
2015-03-13,95.42756980600429,80.397049074271
2015-03-16,92.55899835707649,82.6961345383746
2015-03-17,93.9651930657594,81.36866963975659
2015-03-18,95.34228147229477,80.80073340566477
2015-03-19,95.01965656477847,79.57358705320075
2015-03-20,96.94456763614296,81.93301951857018
2015-03-23,96.62720805412668,81.05788606355098
2015-03-24,95.7622664746484,80.18449994721387
2015-03-25,96.42326382156105,80.5483681781046
2015-03-26,99.41899904601789,81.73141647093065
2015-03-27,98.3880784538028,85.13996196343518
2015-03-30,99.85900775261864,84.21104935873392
2015-03-31,100.87278849709023,84.71203882410072
2015-04-01,103.84784300283431,85.05672632600569
2015-04-02,100.58622844483753,86.66531909585639
2015-04-03,98.33098789680787,85.09220086055464
2015-04-06,97.99263488997002,86.44489687099811
2015-04-07,99.82377121639429,86.66129290147865
2015-04-08,103.25538266918383,87.78724012919996
2015-04-09,103.06921511874978,88.49686913112544
2015-04-10,104.23065852717659,87.49538034147297
2015-04-13,104.25382710320994,85.07560020079048
2015-04-14,98.96397177391127,85.26848671085153
2015-04-15,100.56217846390687,84.32039064662881
2015-04-16,100.77881077599768,84.52885122046779
2015-04-17,100.07962681648684,86.59502987628382
2015-04-20,100.64193500964713,84.72459595944987
2015-04-21,105.92418376450155,82.2992259521524
2015-04-22,106.06585098756021,81.5407135094218
2015-04-23,105.97862968640935,81.67702813570024
2015-04-24,104.26906106392033,80.62264956181829
2015-04-27,107.21211277522411,80.51204770201618
2015-04-28,107.37621311102627,82.149646476978
2015-04-29,109.56953297125244,84.15888822519105
2015-04-30,108.80037776414791,84.60382095897582
2015-05-01,107.09538115489583,88.0680308654493
2015-05-04,109.1560845060616,91.1325582253328
2015-05-05,107.18157320537973,91.84602588647456
2015-05-06,108.16584147527264,90.51369363054593
2015-05-07,104.80436842462512,88.10991911863452
2015-05-08,103.18947605188879,88.07777628865485
2015-05-11,101.45297953593851,85.49828499408534
2015-05-12,101.26416439273069,87.09142552453211
2015-05-13,98.19467640500777,88.84088144472047
2015-05-14,95.62244976652968,88.88171190703444
2015-05-15,97.49331422562247,87.06088315105734
2015-05-18,97.06730958108402,86.18977820499974
2015-05-19,97.78064076415359,86.14842835522032
2015-05-20,99.10442913013591,83.19078875819116
2015-05-21,98.03631499604812,85.90310551470232
2015-05-22,101.56547055881815,86.30582265746455
2015-05-25,101.74540791752736,83.95374560638462
2015-05-26,101.37714692261468,80.64790299098877
2015-05-27,98.20082114957735,81.4007738434678
2015-05-28,99.40368461958245,79.81624243402517
2015-05-29,98.61769117479244,82.01601011555054
2015-06-01,94.09262769396706,81.71280258336976
2015-06-02,91.98970498113582,81.21216809330481
2015-06-03,93.14568285666958,81.68332941766113
2015-06-04,97.11050252947942,84.18742016195483
2015-06-05,99.49950158922506,84.56693504052724
2015-06-08,96.22347267286172,85.63831392630625
2015-06-09,98.36831906053204,89.40120555174134
2015-06-10,98.26088265159864,89.53966436269961
2015-06-11,100.91263729242124,90.12613625054469
2015-06-12,100.61642550329621,92.27998953243683
2015-06-15,101.73992967410943,90.707502291057
2015-06-16,98.40899753069144,91.04026584816555
2015-06-17,100.23667479178964,91.69195789174417
2015-06-18,105.06053171640724,94.01029672638604
2015-06-19,105.56029968015308,94.65921466190527
2015-06-22,109.03839921374608,94.20510739734519
2015-06-23,110.4595015984873,92.16254322186202
2015-06-24,111.62722307280771,93.74821364954158
2015-06-25,110.41892847775321,97.31935405735804
2015-06-26,111.7394429615973,97.02377747915966
2015-06-29,109.90198144937713,98.92143262929143
2015-06-30,111.76881372976052,97.19007171846546
2015-07-01,114.26281528966844,98.44275950978073
2015-07-02,114.97474005930938,96.16641544152311
2015-07-03,112.29830527506014,96.11511940839614
2015-07-06,114.56283986535773,96.54663107008618
2015-07-07,119.61131671017651,95.1259981693201
2015-07-08,120.57007816739261,93.30645394312938
2015-07-09,122.70225164482325,94.40637760003085
2015-07-10,122.58681430373886,93.12544143311983
2015-07-13,123.23524638752181,91.88219238245948
2015-07-14,123.09294255151262,92.95846538372334
2015-07-15,123.7591198777916,92.7223674500074
2015-07-16,122.45075204839553,93.2274917140631
2015-07-17,121.04196578591224,93.27890116045171
2015-07-20,120.00496103823366,89.95094487797026
2015-07-21,116.88940361241644,91.88767935790607
2015-07-22,116.25070661831165,94.03953762237724
2015-07-23,113.27080176669907,95.32311836799565
2015-07-24,114.5787867099281,95.98568918265067
2015-07-27,110.49505744027554,96.35136814891798
2015-07-28,110.34784191240125,97.01665996664983
2015-07-29,110.44700109590566,100.68309706385914
2015-07-30,111.17763973211714,99.55985821392694
2015-07-31,111.48402975060809,99.90487123012858
2015-08-03,111.98872886819255,100.96083540847292
2015-08-04,110.8673726295392,103.14925520823672
2015-08-05,104.801040420277,101.39636376689445
2015-08-06,107.53784950706091,103.21091846553048
2015-08-07,109.1988170285481,103.1671053046512
2015-08-10,108.63225947949384,102.30289227644143
2015-08-11,110.57613082970035,102.63370291817819
2015-08-12,109.92656468195845,103.06761339056057
2015-08-13,111.94632326463933,104.76744611231008
2015-08-14,108.2068773605636,105.8013083735377
2015-08-17,109.67175687274391,105.09513876456616
2015-08-18,109.98439319698858,103.21602577004239
2015-08-19,111.46857649227306,100.79579535563796
2015-08-20,109.75748776790526,103.82495079084617
2015-08-21,111.0546526279189,99.52160080132995
2015-08-24,110.23373996054629,104.11302439618953
2015-08-25,111.96689972226692,103.5796339203384
2015-08-26,111.27247393131314,101.39723965683056
2015-08-27,109.83970819253778,101.50521396422832
2015-08-28,111.46597497305208,101.16041763095673
2015-08-31,112.51939179942521,102.32394069935535
2015-09-01,112.25352573021456,104.49283989871148
2015-09-02,111.20571815816493,106.01099684012381
2015-09-03,112.18767364962696,106.97505239159639
2015-09-04,110.07827243585288,105.7947953419025
2015-09-07,111.63895630378022,103.37184262985433
2015-09-08,114.05869539742908,104.57861773884511
2015-09-09,112.08270396119002,103.86184589847174
2015-09-10,113.4061011405074,107.1776530064186
2015-09-11,113.30240112091985,104.43740869810463
2015-09-14,113.59504961422164,104.57864906042408
2015-09-15,110.20025887762996,103.13194799885355
2015-09-16,109.43257060452068,103.39726341786593
2015-09-17,111.00171394949719,103.66417742885604
2015-09-18,114.15193992374097,104.58860718659562
2015-09-21,115.17927255877973,105.56753624738546
2015-09-22,114.3800364983854,105.5794702615346
2015-09-23,115.6064748928633,107.44322838935491
2015-09-24,113.92642432274683,106.35452430236876
2015-09-25,117.41290233737578,108.46130870930979
2015-09-28,122.1376471940587,108.28865366882303
2015-09-29,120.88613056080668,110.81932452034317
2015-09-30,121.29362202662305,110.03867027976926
2015-10-01,119.19889756862652,108.17582840634061
2015-10-02,122.02130743180591,106.29091514882009
2015-10-05,125.46701545236371,105.23513883521854
2015-10-06,128.87828387105395,107.54468869709588
2015-10-07,131.0699900543819,107.30739899789458
2015-10-08,132.36731097943812,106.46702800300719
2015-10-09,134.43377139397603,104.19648502978158
2015-10-12,134.32539171977592,105.00967254596641
2015-10-13,131.25547070507432,107.40671622790852
2015-10-14,129.434688032096,108.26188620689918
2015-10-15,125.54136267716858,106.43428350519508
2015-10-16,127.61938385384603,104.16089741905121
2015-10-19,126.01881949109013,103.16810884320265
2015-10-20,126.37013473545935,100.72776841445905
2015-10-21,129.25506797851415,105.07862779383873
2015-10-22,128.2301907357882,104.57774214940476
2015-10-23,125.96573422749842,104.74926312524289
2015-10-26,124.26885508158165,105.48035753205332
2015-10-27,120.61014169376396,105.35177190671634
2015-10-28,120.67351718468544,107.3621689790944
2015-10-29,120.49151772532983,106.2071948113348
2015-10-30,122.06427138757195,107.16745639704071
2015-11-02,124.50371642209552,107.70034794654728
2015-11-03,122.02510573376131,106.45275569999302
2015-11-04,122.69580545653373,109.48918527520921
2015-11-05,119.06544852769616,108.07840968786505
2015-11-06,121.15882516337122,107.41628972761845
2015-11-09,121.43947436904905,107.55178364151226
2015-11-10,122.05400035618355,107.96771940436953
2015-11-11,123.06725030314907,109.85698396962388
2015-11-12,126.65234476897807,112.03961284973913
2015-11-13,124.13329474646166,112.2947912493734
2015-11-16,127.35774073634775,107.87403311939865
2015-11-17,127.13254198166608,107.23014744451088
2015-11-18,125.24283555487979,106.84192437634839
2015-11-19,124.4491319795003,108.32707413581426
2015-11-20,126.3489450426694,107.89555992872279
2015-11-23,129.43670758505348,108.77348347620774
2015-11-24,125.43876236877666,108.04114227510802
2015-11-25,124.76680255750716,107.52039123967678
2015-11-26,123.2318207234803,107.74616355694002
2015-11-27,123.10852131236756,107.5107788325607
2015-11-30,124.19849240417089,109.46696783925236
2015-12-01,121.69517410666349,107.88677227458048
2015-12-02,123.60271018013958,105.95898428364217
2015-12-03,117.999173206393,104.76735185384476
2015-12-04,116.94317563916401,103.7891813215902
2015-12-07,120.89428839074172,101.50805296826056
2015-12-08,120.87799125575806,104.57115473274577
2015-12-09,119.94325298386148,104.3558948239149
2015-12-10,120.19112950002086,104.20072759080207
2015-12-11,124.15607830565125,106.97083573539359
2015-12-14,122.84788229258106,106.48904077121966
2015-12-15,120.0387866653557,107.01150276009966
2015-12-16,121.00854643602739,106.45499500140687
2015-12-17,115.8891952996627,107.3726881590432
2015-12-18,112.59179663166252,106.83250445485619
2015-12-21,110.57942009881229,101.27706066711093
2015-12-22,111.7746306088137,101.726317340804
2015-12-23,111.91725102823528,101.96184866685097
2015-12-24,109.14412465987525,101.83124600814035
2015-12-25,110.29679810766841,102.25079070930454
2015-12-28,109.61980133633338,101.45863916505363
2015-12-29,108.08808353370294,99.44943774655296
2015-12-30,111.10408969098377,102.61752128914678
2015-12-31,112.58930669118482,100.7743485693813
2016-01-01,111.20029368744599,100.34463381668168
2016-01-04,112.94454094400301,98.70425853055711
2016-01-05,110.93188602683651,99.57316955485788
2016-01-06,113.91220873096646,100.50225803364745
2016-01-07,111.40591343749901,100.19524266040409
2016-01-08,108.5844994285482,100.11705424168412
2016-01-11,108.43375679317302,99.96257726630171
2016-01-12,108.16680767820617,100.03080420693253
2016-01-13,110.53045224462079,98.39905705109156
2016-01-14,111.72902294269755,96.11828876537987
2016-01-15,112.7829233370548,95.89592548579685
2016-01-18,111.4966197057705,96.74273298562555
2016-01-19,109.21979329480938,92.39677192851576
2016-01-20,108.05565661227465,91.60393642560868
2016-01-21,109.36088043043068,91.45455392908502
2016-01-22,110.33725061827735,91.02208964410033
2016-01-25,111.33482913992468,91.52173405799357
2016-01-26,111.52708966803509,91.23370766162459
2016-01-27,110.0661423769514,88.80326270024902
2016-01-28,107.43024361120148,88.92320325168063
2016-01-29,107.6868183046976,93.23420774207656
2016-02-01,106.76923997302075,93.96928553131028
2016-02-02,106.53977462969819,92.86597359011431
2016-02-03,103.7313365170618,93.53217994097055
2016-02-04,104.71540363865883,91.5896268129152
2016-02-05,104.59268458972288,90.56098951392809
2016-02-08,103.4110115795138,92.24916302893098
2016-02-09,104.36604567523109,91.63071882259815
2016-02-10,103.44380651486969,90.36271388000378
2016-02-11,102.23467244906195,88.37196033780278
2016-02-12,101.24110181477268,87.77785113804225
2016-02-15,100.4636051668112,86.38128841853141
2016-02-16,103.69827399231197,85.49977187152422
2016-02-17,103.017553030433,84.46266673244885
2016-02-18,103.7462165622708,83.73713937087649
2016-02-19,104.3553317518521,84.11787653543534
2016-02-22,105.02331809247525,83.10153754473026
2016-02-23,106.22459624672116,82.01792235762483
2016-02-24,105.55606112651344,80.8503013979165
2016-02-25,103.19771397148023,82.40547950741554
2016-02-26,102.94662762065367,81.69132878476663
2016-02-29,101.89991131587814,80.83040902700638
2016-03-01,103.99900123313064,81.36213095999318
2016-03-02,103.89132894150028,80.32542979788178
2016-03-03,103.90975868974812,80.06505005649373
2016-03-04,104.75792557324728,81.02028062758698
2016-03-07,103.26575187442135,79.33764819089461
2016-03-08,100.54989893760083,78.19143104657292
2016-03-09,99.3758318007558,78.82961291164897
2016-03-10,104.7184487467651,78.7526032345275
2016-03-11,106.60263917130983,78.03655505127168
2016-03-14,107.82532093443848,78.28676710344855
2016-03-15,108.24382234684428,78.1881311113256
2016-03-16,108.70659420527626,77.49706769498425
2016-03-17,107.20910980929649,78.04216269422707
2016-03-18,107.35633655956487,76.31899180083157
2016-03-21,110.42360676702802,76.64490057352515
2016-03-22,110.27094686982404,77.61866714674872
2016-03-23,111.05455464683519,76.51026809151124
2016-03-24,114.96400802610707,77.0874432414138
2016-03-25,115.37748853537097,72.82292398305655
2016-03-28,113.76848772330273,74.62555166444032
2016-03-29,110.46405337522268,74.21362196499656
2016-03-30,112.57991178055728,74.14832100994391
2016-03-31,111.44955119944662,75.27554001556467
2016-04-01,111.91030623956325,75.83318411834942
2016-04-04,110.11699221998887,74.95406596626296
2016-04-05,109.97079476801557,73.0864169507488
2016-04-06,111.41594732096536,71.56634076401565
2016-04-07,116.44586817449114,72.53751751692538
2016-04-08,114.92494525315809,71.32335687404338
2016-04-11,112.40133649736077,71.37234468656247
2016-04-12,115.15285987483234,70.50329771521908
2016-04-13,113.63936947435984,72.66567579671317
2016-04-14,113.27440848477164,72.76572935343327
2016-04-15,112.50443898189717,75.61818355590447
2016-04-18,108.86691413451138,73.90333267766881
2016-04-19,106.60276834828338,73.54837865355299
2016-04-20,106.63135226542637,74.38901054028412
2016-04-21,106.36634359092061,74.84005976841235
2016-04-22,106.17805719339017,75.42130663039515
2016-04-25,103.53396407486879,73.88541679634761
2016-04-26,104.59175234490642,73.52395890259345
2016-04-27,105.6672737795667,73.2277733755028
2016-04-28,108.73044987715568,73.4481745882705
2016-04-29,107.48737570774396,72.7605571697677
2016-05-02,111.30492162344348,74.27398655035263
2016-05-03,111.2539524669915,73.81858073609202
2016-05-04,108.75823228364207,73.4644613752162
2016-05-05,110.94888291968144,72.16416013028787
2016-05-06,111.42138638940833,72.18667186074485
2016-05-09,109.77031058335275,72.8841490990581
2016-05-10,111.32006470369906,75.32075802943922
2016-05-11,111.7266274387382,75.25232201223771
2016-05-12,113.95197680934541,74.08763464416494
2016-05-13,116.9899436296539,75.16365791039097
2016-05-16,119.35722793716343,73.45203683946824
2016-05-17,121.92897633964736,73.87169290963293
2016-05-18,120.75293589278631,72.28430881015672
2016-05-19,122.08595676056756,72.64003178390597
2016-05-20,120.61613006008342,72.77366481162109
2016-05-23,120.84710779744823,73.99199975144548
2016-05-24,116.33529801534692,74.59629346610143
2016-05-25,117.14235667051514,74.25801417395023
2016-05-26,116.27350462145034,75.07499344798356
2016-05-27,115.89436374071909,76.38053013952305
2016-05-30,115.63282880063271,76.47147405635813
2016-05-31,113.04363104033695,78.78815458409875
2016-06-01,115.08117196781286,78.41541218544069
2016-06-02,113.62934001065051,79.7639899334608
2016-06-03,115.84982546960086,79.20987320182665
2016-06-06,117.9473708350832,78.02342890008676
2016-06-07,117.8022361115805,74.93848518387067
2016-06-08,119.27926718989414,72.32980946814284
2016-06-09,122.44995996097026,70.35914607814965
2016-06-10,118.74692793000416,68.68891211816008
2016-06-13,117.47098071674269,67.68330030705242
2016-06-14,118.66694805326014,67.8367119267713
2016-06-15,119.34264589080293,68.53915562016417
2016-06-16,120.41712596766399,71.85709073512402
2016-06-17,119.76547354732023,73.13099073340693
2016-06-20,119.78703977579525,74.34664216368007
2016-06-21,120.4312218004856,74.79672429997152
2016-06-22,122.47178157417544,76.40714312018694
2016-06-23,122.02062528339309,75.45607763980946
2016-06-24,121.95442055317773,76.90933617603936
2016-06-27,123.6989894846131,75.784093898895
2016-06-28,123.74692505330458,75.75526606079622
2016-06-29,126.84236468682879,78.19107145607065
2016-06-30,126.78262461441601,76.87721103389502
2016-07-01,124.42070967094709,76.27296192010576
2016-07-04,123.09380255401612,76.7876696149963
2016-07-05,123.7391315560925,77.26006883856911
2016-07-06,124.196034930633,78.9989964380591
2016-07-07,122.22068044299425,78.58930321652343
2016-07-08,122.38732204410994,80.61926778130173
2016-07-11,124.33804524347431,79.92502059508062
2016-07-12,126.05888403339836,78.30611869643506
2016-07-13,123.7343842584699,78.41772452517142
2016-07-14,126.78703351791324,77.1302708448204
2016-07-15,126.7677899099831,77.69664549098863
2016-07-18,127.22293251044351,79.88386318761424
2016-07-19,126.72142837031186,79.41080014854309
2016-07-20,128.26345736117756,79.57777968246292
2016-07-21,125.4812627746777,81.44627003565569
2016-07-22,124.50976544345818,82.04037003159007
2016-07-25,126.86963752913245,81.54836511135824
2016-07-26,125.77917832312589,79.693382044135
2016-07-27,125.63093644433583,79.36030423088259
2016-07-28,127.356138153108,79.60693951289365
2016-07-29,127.21818558807992,79.61974460360996
2016-08-01,130.5403274117926,78.28473827144576
2016-08-02,130.09479656986016,78.7081808992929
2016-08-03,133.18443135017725,77.2749509819068
2016-08-04,129.78396135401815,77.17417055417796
2016-08-05,129.7116436988013,76.8998663900228
2016-08-08,130.7249579502915,77.19762200709552
2016-08-09,129.42136345867553,76.03772879544132
2016-08-10,130.61643521756042,75.36819047971217
2016-08-11,133.04460949081317,73.1025712521861
2016-08-12,133.44051816891232,75.86825456970575
2016-08-15,133.50621571675077,79.1806486136732
2016-08-16,129.67544647109952,77.72279329773647
2016-08-17,131.42412018126032,79.3142136458571
2016-08-18,132.47324652718143,78.52385425952313
2016-08-19,136.1407903444186,77.66642806083023
2016-08-22,141.13777209958647,77.0286982318079
2016-08-23,139.88586784997813,77.25651761676885
2016-08-24,134.5140551796754,79.39780100956104
2016-08-25,134.95023048108638,78.99861724274582
2016-08-26,137.07808972055003,79.66789888296026
2016-08-29,141.27530000309565,80.35885199941303
2016-08-30,137.68760070159857,79.16126434125347
2016-08-31,136.1674841849662,79.1942172740509
2016-09-01,134.86077708426097,77.08835261906528
2016-09-02,136.46385914413494,80.22550554847356
2016-09-05,140.54331873719025,80.23481669734447
2016-09-06,138.3281222241474,79.81465314565179
2016-09-07,133.40308376577724,77.59465198670047
2016-09-08,129.0015487664999,77.1663763645052
2016-09-09,128.16150530913342,78.14865226962658
2016-09-12,123.96664558706489,77.6582390760766
2016-09-13,121.28369897336839,79.20133590899091
2016-09-14,121.89189714164597,78.05962311474882
2016-09-15,121.95443264825737,80.15353892958375
2016-09-16,120.78727342298012,80.55452347368245
2016-09-19,122.34844525494385,80.53611108572522
2016-09-20,121.07803739130468,80.03397885032723
2016-09-21,119.22877876214302,78.7493689528646
2016-09-22,120.27542034021077,77.95021110979086
2016-09-23,120.86126914405276,75.32287718676064
2016-09-26,124.33398293691017,76.91881504384408
2016-09-27,121.29324121030791,75.85176206229075
2016-09-28,125.78828750482715,78.96388194155577
2016-09-29,123.81134884898299,78.93351425655555
2016-09-30,124.78223050519001,77.78623111134179
2016-10-03,128.43199047893245,78.11562685830802
2016-10-04,126.3403954323864,75.75373359986128
2016-10-05,128.54497957428634,75.52314958794393
2016-10-06,127.31008026608906,77.63106204821564
2016-10-07,128.42964442567848,76.12816721280628
2016-10-10,129.85058491900747,73.3809866800528
2016-10-11,130.48969430434335,74.59652342331319
2016-10-12,128.5568488835313,71.75916026847759
2016-10-13,131.24791850789686,71.75343420153759
2016-10-14,129.21003367607585,74.28190190061454
2016-10-17,127.02214293312186,73.3065962274808
2016-10-18,125.54543731722288,73.6098633672998
2016-10-19,125.64665991738893,74.16959170565171
2016-10-20,124.75596601443301,73.3876730710146
2016-10-21,127.96711083716272,72.70885805616061
2016-10-24,129.36490847527875,74.1578574499621
2016-10-25,127.34114066405601,74.50353487020203
2016-10-26,124.10680373719633,72.45247475686813
2016-10-27,127.12012691586926,72.7688937617041
2016-10-28,125.52605959326095,74.4241179304435
2016-10-31,121.48915295820784,77.58814565038692
2016-11-01,122.17312863979,74.64128560039254
2016-11-02,120.9093121501331,75.35719124982118
2016-11-03,119.71189182096107,76.30719178020236
2016-11-04,123.79263051699016,77.50444999056467
2016-11-07,121.09509890626681,77.62972359883699
2016-11-08,122.64336681174596,79.27060842637391
2016-11-09,124.93257662752863,78.14280212832799
2016-11-10,126.02404806107413,78.25992296551959
2016-11-11,125.91171153248352,77.93896544951141
2016-11-14,127.15068663871463,77.3944917947032
2016-11-15,128.7653491750927,75.14814464477449
2016-11-16,128.36240218691844,74.01152892264979
2016-11-17,129.9288965331578,72.87115765485899
2016-11-18,127.02454690692787,73.87917819950697
2016-11-21,129.78756351327445,74.28756836290573
2016-11-22,128.97510406167535,77.64887968839848
2016-11-23,125.26191261959605,75.74493037633462
2016-11-24,127.21442759674404,74.79449946724344
2016-11-25,125.54483444267133,76.79077696799136
2016-11-28,123.0162638587652,75.43387100901768
2016-11-29,122.17560217507155,77.47083469064981
2016-11-30,119.88950149554078,80.1297073836383
2016-12-01,119.53297671179935,80.82075198622833
2016-12-02,119.85756531589315,82.72534277522621
2016-12-05,117.10774386829792,81.14538595266535
2016-12-06,117.000290405831,80.74307414545373
2016-12-07,120.82741154748598,82.30888625960428
2016-12-08,119.9914433178692,81.9490632558327
2016-12-09,117.83461216908533,82.47683791815133
2016-12-12,117.68513196754995,82.72923999797457
2016-12-13,122.07354443123877,83.05716432414054
2016-12-14,122.3180068335588,83.36522635937521
2016-12-15,121.264495713191,81.84324394091233
2016-12-16,119.325926721187,82.91947163098908
2016-12-19,119.7905926061915,81.52097742411658
2016-12-20,123.31341251866792,81.56945861418112
2016-12-21,123.29516959418373,82.3798100357989
2016-12-22,125.52283791835923,83.14314554389935
2016-12-23,120.88074646991483,84.29677474431504
2016-12-26,118.87937141102336,83.20665487787781
2016-12-27,115.96308932341483,84.57891861352223
2016-12-28,115.78051787933998,84.4859169240873
2016-12-29,112.98165141430295,85.10444663532311
2016-12-30,114.65477116536222,85.50284316295762
2017-01-02,111.98918034893313,86.46368732226797
2017-01-03,109.7474630770452,84.49412089654707
2017-01-04,110.78035449477514,83.62671359671573
2017-01-05,109.46233869290909,84.39602864784688
2017-01-06,106.69318957288414,84.3062547033953
2017-01-09,108.20695949888284,81.97380240321
2017-01-10,106.06634455309558,83.57394122371392
2017-01-11,106.98457165358502,85.52192679424444
2017-01-12,107.26077036516311,82.94851821802757
2017-01-13,103.37745356826844,83.61528191330746
2017-01-16,105.5205155227066,82.55747241671543
2017-01-17,103.81023033088394,81.47696614231148
2017-01-18,102.85920706115942,82.38481973707852
2017-01-19,103.6708077883671,86.11740577465699
2017-01-20,103.50616957214194,84.44537926188987
2017-01-23,106.41612187990674,84.3666811356282
2017-01-24,105.26850085760519,85.8726792685602
2017-01-25,103.62943699061395,87.28598300451088
2017-01-26,104.89496289271965,86.12472666844816
2017-01-27,104.89244617834557,86.45427655359548
2017-01-30,103.96632588221458,85.15719199882112
2017-01-31,102.1395282193731,86.45241519220977
2017-02-01,103.82293798265914,84.33154276344521
2017-02-02,107.33616551375533,84.37971642519602
2017-02-03,108.39802066262973,83.00996207963969
2017-02-06,106.96425628502757,84.67978534518683
2017-02-07,105.2006903032216,82.33401091391796
2017-02-08,106.25109540332703,83.36352594867066
2017-02-09,106.47514689128784,83.19917867335167
2017-02-10,107.92782746236588,82.77764386432486
2017-02-13,105.60622572286897,82.9033329526983
2017-02-14,104.91366556495876,83.76054460655436
2017-02-15,106.88142365748166,85.98590127549183
2017-02-16,105.89711557377186,86.76743794910115
2017-02-17,106.38675058153595,88.10676391900797
2017-02-20,104.59426956496254,90.6885683945026
2017-02-21,103.30185665753606,92.14522479695857
2017-02-22,100.58699287930241,92.14625406874029
2017-02-23,102.29864193776321,93.17603384111393
2017-02-24,103.6767929164438,93.78596070030548
2017-02-27,104.43324882261533,95.19412150791479
2017-02-28,107.43213155808327,98.26283113814682
2017-03-01,105.04910259015638,101.46621973184705
2017-03-02,103.23998872724256,99.17435689567196
2017-03-03,105.57329006780347,102.79274411324076
2017-03-06,104.85522566856933,104.55025896581316
2017-03-07,101.14557743038684,104.16670576837312
2017-03-08,102.72361670721612,104.06938631014289
2017-03-09,103.52065673966733,103.15753069068482
2017-03-10,104.3139000434302,98.71354545667394
2017-03-13,107.08409296475946,96.93046936985208
2017-03-14,107.04414487539411,96.81558242748658
2017-03-15,106.45325883639252,98.43975869979604
2017-03-16,106.50082847942919,95.58017946651944
2017-03-17,104.8907325217818,95.64127961846874
2017-03-20,101.42020512552547,94.32756236338376
2017-03-21,99.94292771059791,93.41178928121616
2017-03-22,102.33360596533527,95.93257549072317
2017-03-23,100.37655311739128,92.26221560069467
2017-03-24,100.85460958863155,92.94648638513789
2017-03-27,101.18849059955998,92.60557281955292
2017-03-28,98.23151950758155,95.90882262619152
2017-03-29,100.6081939938956,96.03310983422995
2017-03-30,99.59037879438839,93.67847506620154
2017-03-31,97.432384569052,95.2649552513481
2017-04-03,95.94805674543201,96.28853768597085
2017-04-04,95.34963638363307,95.06554621852419
2017-04-05,93.16862383073341,95.54145670151414
2017-04-06,89.97366465688124,94.35128552530675
2017-04-07,87.82512743794092,96.48152709305084
2017-04-10,86.79759243703235,92.58818579452868
2017-04-11,83.94593612562456,90.492496140922
2017-04-12,84.70807588705978,92.55090369735495
2017-04-13,84.84433207221937,94.25514883183955
2017-04-14,83.91973023206293,93.29982965104166
2017-04-17,81.59788924478286,95.02027763821688
2017-04-18,84.41808360969925,96.61303864992631
2017-04-19,85.7983011904625,94.95959464665033
2017-04-20,83.73870861756359,96.0893529912602
2017-04-21,84.0213844982689,93.6190555920699
2017-04-24,82.75766187665259,93.61908874032284
2017-04-25,81.00181233861947,94.37641377673079
2017-04-26,79.59421704533774,95.8451091354043
2017-04-27,81.1651267105591,94.46563153499287
2017-04-28,81.61826098195307,94.41906970848648
2017-05-01,82.14755725859395,95.704382128502
2017-05-02,82.13231531635716,96.88653716315541
2017-05-03,81.71600694813351,94.94309637097228
2017-05-04,79.18202509609598,94.10619262830905
2017-05-05,80.08048659832053,94.43111783766045
2017-05-08,81.96329201595489,95.24768048615321
2017-05-09,81.99811359688165,95.71376210477845
2017-05-10,82.74185572189946,92.27293047430221
2017-05-11,80.37672953825378,93.77976798021793
2017-05-12,81.20791749747389,92.94794975270514
2017-05-15,81.09207005352165,90.45669376542776
2017-05-16,80.63184432760426,90.59896352409685
2017-05-17,83.43296566146053,88.92936285962007
2017-05-18,87.28912979125079,86.41784077068337
2017-05-19,88.58892217079296,87.6425959402653
2017-05-22,90.16185799393675,86.44986993162522
2017-05-23,91.86206071155003,86.42208054189908
2017-05-24,91.12614254200383,87.03108964166768
2017-05-25,93.04474904637247,84.54559327292245
2017-05-26,95.69996801577598,82.94874993114203
2017-05-29,96.5912425679706,80.2814291555519
2017-05-30,96.30651700229224,81.51652046507962
2017-05-31,94.36866101679927,81.06634506134145
2017-06-01,93.7406012848187,81.06827469834825
2017-06-02,96.78310383361095,83.06753443212457
2017-06-05,97.5995838367542,83.09306986488342
2017-06-06,98.536817128984,86.1508076291986
2017-06-07,98.01790729813979,85.56370635831999
2017-06-08,97.32628252940566,85.15422376752308
2017-06-09,93.72484500674673,85.60020480147598
2017-06-12,87.98986071911592,86.60119270875578
2017-06-13,90.54135683624226,83.73331775897175
2017-06-14,90.38970764434795,80.76906888097487
2017-06-15,91.65848611045632,80.0782086421673
2017-06-16,92.45608637161541,78.51952102964229
2017-06-19,92.91791921102619,78.36558654274211
2017-06-20,91.32760599865686,76.67063941846071
2017-06-21,89.74910069042704,75.10069438885566
2017-06-22,90.60189962364663,74.29766455450817
2017-06-23,88.71260934708182,73.45184838802771
2017-06-26,90.65773231723112,71.40274780572325
2017-06-27,92.48175226144201,71.33420039415148
2017-06-28,92.77633727028554,69.73047369571785
2017-06-29,93.59879669792656,70.06403286171849
2017-06-30,94.33264753485939,67.07464220535873
2017-07-03,95.12641046937243,67.21113920638612
2017-07-04,93.88595175763274,68.14412820821812
2017-07-05,95.47362420679536,66.70661155833196
2017-07-06,96.9083068444509,68.38016221125089
2017-07-07,98.3826908820223,68.19977496139121
2017-07-10,95.51957956726108,68.40492146661379
2017-07-11,97.31143898285069,69.38693717755321
2017-07-12,97.10864637677346,67.88806710806902
2017-07-13,96.87340670180168,68.01985877793952
2017-07-14,98.04961733424466,68.92563430400209
2017-07-17,99.76166934640423,67.43808860512675
2017-07-18,103.16491097445657,68.64672192053978
2017-07-19,105.45632643097218,70.3933964207393
2017-07-20,105.47718011273179,68.18204442607822
2017-07-21,104.65291429444545,67.7876442913862
2017-07-24,104.88935764002989,66.71812984603616
2017-07-25,104.40430374824312,66.80695999767211
2017-07-26,107.69379021185361,68.26901520639693
2017-07-27,107.82359258172214,68.27482839927269
2017-07-28,109.17682090871898,68.67849244731447
2017-07-31,107.34727005589106,69.04713572130184
2017-08-01,108.3700565947199,69.05142037772993
2017-08-02,108.71321722191144,69.70569364872998
2017-08-03,110.6442489680538,69.96256711224893
2017-08-04,109.79236345357644,68.41723590995291
2017-08-07,108.26933939755068,68.79591448225759
2017-08-08,104.01448115839678,69.82515700074431
2017-08-09,104.65082621506245,67.9631867748968
2017-08-10,105.96128054048037,66.17739202538483
2017-08-11,105.89932765392125,65.80696640268944
2017-08-14,108.26148525011968,65.68019848029995
2017-08-15,107.8197014990675,67.34239227141849
2017-08-16,105.00897543337611,67.15330801193284
2017-08-17,104.32916217112371,66.25430131906002
2017-08-18,106.43123104661221,65.05046807391867
2017-08-21,108.8766217218766,63.287186230879435
2017-08-22,109.4698644507558,62.37266556992741
2017-08-23,108.44779563005704,61.0187151663618
2017-08-24,110.4166231922413,62.79605794874576
2017-08-25,112.77666718956887,62.811110973955905
2017-08-28,113.35768867090997,63.94940485616838
2017-08-29,111.62733404255076,63.50768497595607
2017-08-30,112.67151310364707,61.59211934947908
2017-08-31,110.19212951625079,60.98100533775208
2017-09-01,113.02600047290355,60.55029745291671
2017-09-04,113.85394993344153,60.86515899136804
2017-09-05,114.07042898358557,60.907396879449024
2017-09-06,115.18968314504976,62.89200301194619
2017-09-07,114.07772923244866,63.11014932740534
2017-09-08,112.42208501541808,64.7776046580033
2017-09-11,112.29855677683635,65.09986288171073
2017-09-12,110.72572523564466,65.93131972469283
2017-09-13,114.02088258079802,64.52371691013838
2017-09-14,113.77378413932374,63.88545904468176
2017-09-15,110.49167901325458,64.7601614944527
2017-09-18,112.40345946727719,64.48309008161496
2017-09-19,114.23012092172486,66.42444268637826
2017-09-20,113.11277289130052,66.97219016068476
2017-09-21,112.55343301032512,66.22531789773333
2017-09-22,114.66473495450114,67.42100125525819
2017-09-25,113.27186611216358,68.92147491864084
2017-09-26,115.16939690537905,68.0063644897428
2017-09-27,116.15495963843516,70.01675824390527
2017-09-28,116.91333053823259,69.0839521060037
2017-09-29,114.2457786422331,67.54254349436842
2017-10-02,114.94051605469598,67.96067392435894
2017-10-03,115.3527867005018,64.84632091070577
2017-10-04,112.90481229794416,65.53954137464817
2017-10-05,113.74606972562856,67.11145410344929
2017-10-06,108.30311650069468,65.39612930083068
2017-10-09,108.69302784890213,66.01142251042201
2017-10-10,110.0731303194966,66.20463278393554
2017-10-11,109.16618452163877,67.6159804100576
2017-10-12,110.29670254849206,68.56099270756589
2017-10-13,109.73236519664876,69.86668456926034
2017-10-16,107.3294102750262,70.83029980412708
2017-10-17,105.51943151574443,69.66567478347059
2017-10-18,104.1991982742021,67.3620285468273
2017-10-19,108.45703045328945,66.28564730666699
2017-10-20,108.5793579941502,66.80274732558497
2017-10-23,108.39826245897915,67.76929887235715
2017-10-24,107.85152653553934,67.62861361737875
2017-10-25,109.18638419544517,65.67931603295929
2017-10-26,106.73963657795275,66.65478669526814
2017-10-27,103.32753484430029,65.6117587360531
2017-10-30,106.24897168962795,67.28251758748249
2017-10-31,107.9510183755231,67.32874645313754
2017-11-01,108.20177362191959,67.29297365546756
2017-11-02,111.8973281713154,68.28362033231656
2017-11-03,110.53453231828101,68.49639289482934
2017-11-06,113.42842085613067,69.15153374033642
2017-11-07,113.24910312461378,68.24937934336506
2017-11-08,116.72438020172989,65.85678059603386
2017-11-09,115.51591059259478,65.17785304016529
2017-11-10,118.69749920902501,65.31143089331842
2017-11-13,117.07368153525282,63.82185071990434
2017-11-14,115.23157803701447,64.64277901595564
2017-11-15,113.46974876721762,65.6662673833095
2017-11-16,120.17437701383619,66.09297428171217
2017-11-17,120.90787073467962,63.58903024478448
2017-11-20,122.12305684843233,64.72982503385774
2017-11-21,122.23021961416924,65.67340174388757
2017-11-22,120.13877646072322,64.3764199283334
2017-11-23,116.02145195943547,63.50979378612096
2017-11-24,116.6136346475682,64.42904430384509
2017-11-27,117.97136356335523,64.29599044715607
2017-11-28,117.78779702840419,64.0917283353834
2017-11-29,120.55857121581633,64.02881309971299
2017-11-30,119.02331231197782,62.84641491433083
2017-12-01,118.4314521705793,62.7579142620644
2017-12-04,118.0913987239152,62.657888506310364
2017-12-05,114.8320480696131,61.880750479043535
2017-12-06,114.09249512082384,61.4286674791936
2017-12-07,114.56556359071345,61.91479881081485
2017-12-08,113.53589443387042,64.53346868679428
2017-12-11,113.0049015211726,65.0734621928017
2017-12-12,112.72000453566724,65.1734721309187
2017-12-13,113.26030076133003,64.5088811264237
2017-12-14,114.93945520424063,66.94318651900173
2017-12-15,114.45276426845943,64.52713215968211
2017-12-18,111.2917672320586,63.061156338257284
2017-12-19,109.77615929392313,61.71202727668354
2017-12-20,109.00432618332383,62.862116118860634
2017-12-21,108.65734426900859,60.190575709144724
2017-12-22,107.51354796053441,59.0719741774467
2017-12-25,108.17962012641729,60.6664838083573
2017-12-26,107.32875437313886,62.37794358500639
2017-12-27,107.01170080777035,59.61518451799902
2017-12-28,105.74765973133916,59.01901670966991
2017-12-29,104.23705966088517,60.12162032601115
2018-01-01,107.51662991544615,59.52487521954194
2018-01-02,108.71200191869204,60.9988225310073
2018-01-03,105.90271282975961,61.96897028366919
2018-01-04,109.26570636980833,62.116296722529185
2018-01-05,109.56448012018187,62.763803372260796
2018-01-08,107.10076558491022,62.23018105741184
2018-01-09,105.94703120549703,62.70939963695438
2018-01-10,105.93075193011738,61.83176890722194
2018-01-11,105.45042788646496,61.61416916929448
2018-01-12,107.22960079412915,61.07496597153352
2018-01-15,108.2743715414082,60.76644508749648
2018-01-16,111.90115650058539,61.79422437754496
2018-01-17,109.70708725446843,59.65336106230856
2018-01-18,110.64796921118256,59.927834173536695
2018-01-19,108.01172822791494,60.03554199702681
2018-01-22,108.42905173453747,60.65687063988133
2018-01-23,107.14504094455583,61.93441188469374
2018-01-24,104.9402486865048,63.110084625915796
2018-01-25,103.89944168658525,62.68926213153744
2018-01-26,104.71010266134245,62.156183361409326
2018-01-29,105.5830091721249,62.150096080870775
2018-01-30,106.93547847974594,62.915444620813176
2018-01-31,108.15863920285685,62.59177923449618
2018-02-01,106.80936839285889,63.77979753115935
2018-02-02,108.80080257347105,62.19014632312123
2018-02-05,110.46079986550976,61.77681186898101
2018-02-06,110.93533859630081,60.407171420633034
2018-02-07,110.15540982602641,59.23953533158481
2018-02-08,110.67587691173347,59.74980374699541
2018-02-09,110.0821550214294,57.24415961650395
2018-02-12,110.40209073438159,56.39549894669322
2018-02-13,110.95642044071971,57.201453392685906
2018-02-14,114.0048066858584,58.40189171362844
2018-02-15,113.12542708144484,56.60543896581552
2018-02-16,112.73433529404804,57.80215001383585
2018-02-19,110.34987829585043,57.451950351400086
2018-02-20,107.92804086035048,57.144737072632054
2018-02-21,105.72118895826263,57.305272951887574
2018-02-22,106.46314908642202,56.04727934011924
2018-02-23,104.97402561578588,54.9052473807075
2018-02-26,104.39532002551957,53.96024783778843
2018-02-27,106.11010524941182,51.83126688222318
2018-02-28,109.36385604869415,49.18569080870161
2018-03-01,109.2481177615799,49.30825476220279
2018-03-02,109.4832575558868,48.87807616779418
2018-03-05,112.03515600097947,48.49869738987282
2018-03-06,110.50334477229289,47.82402173450528
2018-03-07,106.83012965031588,46.28824400423226
2018-03-08,107.34854363307917,45.87253191425146
2018-03-09,106.51745529969871,45.71989156977755
2018-03-12,105.02152462367889,45.87516935139474
2018-03-13,105.16179304978827,45.393866770099606
2018-03-14,105.65810217967034,45.8151152330235
2018-03-15,106.42483339602997,44.93937397578054
2018-03-16,105.84295276740802,45.49657828898117
2018-03-19,107.84940437766805,46.44779554590367
2018-03-20,107.96990403823972,46.316922945236335
2018-03-21,107.40504105015245,46.51176298279183
2018-03-22,106.7790330438734,44.63583076913797
2018-03-23,107.20136884703855,44.70810859992961
2018-03-26,108.72211239147408,43.53971066186897
2018-03-27,108.54755402123861,44.587184615954826
2018-03-28,108.95017930948814,44.51408893107991
2018-03-29,106.7418669780112,45.187097533269196
2018-03-30,108.78926790148368,44.18469809416316
2018-04-02,108.17994513584999,44.92763523508063
2018-04-03,108.84566867655661,44.22852354216842
2018-04-04,109.78286609095345,44.546586061883545
2018-04-05,108.12056528700829,45.98257911125101
2018-04-06,111.03444262846926,46.317283682362145
2018-04-09,109.13492444104382,47.40559205835702
2018-04-10,113.04622969055636,47.074859319862256
2018-04-11,111.52180773397069,48.975507673235114
2018-04-12,106.4059302505693,47.857301602799154
2018-04-13,109.2666716491699,46.47024907886238
2018-04-16,105.80989145398534,46.197260272992516
2018-04-17,108.87876276262065,46.503460208380346
2018-04-18,108.24568849844187,47.25257361313851
2018-04-19,111.31417829391866,47.071321734393706
2018-04-20,110.26150116103837,47.163274037250495
2018-04-23,110.14120415367181,47.693451073565654
2018-04-24,108.45359837335032,46.3996804702505
2018-04-25,106.22354778473803,46.26069528991993
2018-04-26,104.36297682277231,45.84481776244874
2018-04-27,104.87951794487394,46.67614028346689
2018-04-30,107.01432313636383,44.60688533008303
2018-05-01,108.62450429093509,45.891574052775184
2018-05-02,109.54797045149785,47.301144338971
2018-05-03,108.33796330159542,47.10048207479185
2018-05-04,106.02294517424275,45.94907535015361
2018-05-07,108.12114227708499,47.13796735646303
2018-05-08,107.85279570611466,46.82673299361307
2018-05-09,108.20015649884165,45.820673070473546
2018-05-10,106.91757474259617,46.07112743994798
2018-05-11,105.39622078269292,45.20927965024713
2018-05-14,107.23473072888501,44.76595029307561
2018-05-15,106.99841522882907,45.89589686896733
2018-05-16,107.15933076525468,47.14573254512936
2018-05-17,106.3599433909214,47.958559719572115
2018-05-18,109.2997880045091,46.476302295914515
2018-05-21,109.47343952255144,46.52633514920579
2018-05-22,113.49028398449734,46.085935174311395
2018-05-23,111.61871754915562,45.481181980847865
2018-05-24,112.78404071242282,45.583932561479536
2018-05-25,112.76566313449574,45.86056168926542
2018-05-28,110.88042637748335,46.19406724814024
2018-05-29,110.4121161108109,45.97675288886741
2018-05-30,109.26582152307593,45.80217554913855
2018-05-31,109.89433030134168,44.79025918375076
2018-06-01,109.35227894332644,43.40880816034584
2018-06-04,107.65549126157808,43.17554926589676
2018-06-05,109.127046100847,44.12409843260885
2018-06-06,106.35515847207115,44.736486550594115
2018-06-07,106.98802500520858,44.3823056515054
2018-06-08,108.87343567094672,44.0783466376763
2018-06-11,110.6510192902361,44.82151180139206
2018-06-12,112.37211029241818,45.001356578519825
2018-06-13,111.11377560340937,44.53625182013784
2018-06-14,110.78671746859486,44.729670355424304
2018-06-15,108.73788161124811,43.102641791961574
2018-06-18,111.29847861665922,42.56241183680826
2018-06-19,108.31929696014006,43.28516887171012
2018-06-20,110.49664380421191,43.52393637642274
2018-06-21,107.97129816431274,40.94429524058466
2018-06-22,105.8356479559417,41.06763746247707
2018-06-25,105.8548180173084,40.674936199332876
2018-06-26,106.6618442470864,41.122605573714424
2018-06-27,110.72720662156618,41.34973919691328
2018-06-28,106.74802500247942,42.81468298071937
2018-06-29,106.34685013318439,43.367935211564266
2018-07-02,105.67451338237417,43.83674154583357
2018-07-03,102.12588387863322,44.93864640045338
2018-07-04,105.37890004363587,46.88795905213266
2018-07-05,100.11321010825056,47.61694767951574
2018-07-06,99.73516420276042,46.66427911544949
2018-07-09,102.30140290198176,46.37805630771278
2018-07-10,105.18155389377407,46.1521810604898
2018-07-11,105.87423730028387,45.143409412028426
2018-07-12,104.27802471664742,45.38269475617329
2018-07-13,105.51157490154898,46.189421173815354
2018-07-16,107.25005270857224,46.11739547220548
2018-07-17,108.86712315098805,46.04340505528911
2018-07-18,109.79952541278723,47.17757626863165
2018-07-19,106.20289376364813,48.16528297556919
2018-07-20,103.39885078312703,47.89344444038815
2018-07-23,103.50022638200926,47.371888620042995
2018-07-24,105.46210562886374,46.74302999542189
2018-07-25,105.16044524238801,47.72391278758735
2018-07-26,105.6048066699345,48.437318703701784
2018-07-27,105.0473549556763,48.387421064366634
2018-07-30,106.95236546648532,47.070037288508765
2018-07-31,105.52071034267642,46.02115212443189
2018-08-01,105.53788105694323,46.0064773103406
2018-08-02,105.90895394290223,45.39792834771331
2018-08-03,104.98257306630154,43.713426659568015
2018-08-06,106.38704535645658,44.2829912350467
2018-08-07,107.00274085259478,44.993750303816114
2018-08-08,105.59994276868854,45.342583609352005
2018-08-09,106.12473323015546,45.73647537821369
2018-08-10,103.35525366131144,45.958570812591674
2018-08-13,103.23804447185243,45.949079127151904
2018-08-14,101.901382658803,44.747376351223174
2018-08-15,103.15489236721996,46.25046301670691
2018-08-16,104.23477262020538,47.451540534985746
2018-08-17,106.12701110677838,46.664270150662865
2018-08-20,105.89686774658497,45.21033355956518
2018-08-21,103.8426336531419,45.33339873663274
2018-08-22,104.69474357125772,45.77041318114416
2018-08-23,101.8043408558365,46.445007788276
2018-08-24,102.15384384919217,46.80865990347941
2018-08-27,101.56356493848666,45.73026990063288
2018-08-28,100.2546218420703,45.88286112564361
2018-08-29,100.38547729346332,45.73682188017115
2018-08-30,98.69049341118432,48.35855836911466
2018-08-31,98.17666654013564,48.511862421372186
2018-09-03,100.0837727029726,50.678923580683154
2018-09-04,102.3446176002323,51.68505701902385
2018-09-05,101.44775884041961,53.13546148132651
2018-09-06,101.17007381637666,52.70051651928013
2018-09-07,100.56477320968271,52.32093870244715
2018-09-10,100.27936595210578,52.164978367653426
2018-09-11,100.51851788427895,53.55291436310365
2018-09-12,102.20094872329946,53.08767413644534
2018-09-13,101.18243527823331,53.95498572739265
2018-09-14,100.80297924519357,53.181961147798305
2018-09-17,101.12199924629353,52.90272382625394
2018-09-18,96.95797205643866,53.239187574103866
2018-09-19,97.47803729668247,53.41855948206546
2018-09-20,98.67473824111589,53.188221925861065
2018-09-21,97.09300879452216,51.77706910055008
2018-09-24,96.88531544185184,52.63711542087933
2018-09-25,101.20486732868395,53.723160335726895
2018-09-26,101.77919143143974,55.555333758657156
2018-09-27,99.4203388196015,54.79829862844656
2018-09-28,98.71828289645856,56.32736008256032
2018-10-01,99.71033097903522,56.036741635821045
2018-10-02,100.3326806390071,54.70755135046357
2018-10-03,100.5840420978752,56.02748089047114
2018-10-04,97.49654396877008,56.180947391584034
2018-10-05,98.68471626306174,54.66404822515859
2018-10-08,99.16749481197115,54.640274314428
2018-10-09,98.35026054799658,53.39913926647433
2018-10-10,98.61102710965113,54.99356499756437
2018-10-11,102.26838069883098,56.885116940842074
2018-10-12,101.83140019781848,58.77561546948174
2018-10-15,102.47637740145561,58.78280929782316
2018-10-16,103.38063186455122,59.53215980137434
2018-10-17,102.87442327496453,60.792125851896074
2018-10-18,104.99635304744208,61.179343291161025
2018-10-19,103.74087930615772,61.94281144302701
2018-10-22,99.78938364413244,61.451843525492464
2018-10-23,100.31983466185339,60.779308931177255
2018-10-24,98.9625881736778,60.4181262448811
2018-10-25,97.74870689862364,60.29399295313701
2018-10-26,97.99742334368136,59.634255887607104
2018-10-29,96.66455236281497,59.55145062430244
2018-10-30,97.8225600391737,60.36685634087742
2018-10-31,97.93556334179786,61.117598847958654
2018-11-01,100.95443616149295,59.930679049110545
2018-11-02,101.1639158983407,60.121304493211525
2018-11-05,100.03128402032824,61.68347343290092
2018-11-06,102.66035817212018,62.803350957459536
2018-11-07,104.32050423148385,59.48974014531815
2018-11-08,102.80975876296753,59.403978817132966
2018-11-09,100.14786983241828,59.79864263080803
2018-11-12,98.06127246583651,60.06723119557959
2018-11-13,96.33302422920444,61.232543041431455
2018-11-14,98.37965489899713,61.21000806259015
2018-11-15,96.30531680481653,62.15016358807473
2018-11-16,97.65853421412233,60.90101560778649
2018-11-19,97.40842829340608,60.57761732265935
2018-11-20,100.48125756836326,60.43172931839281
2018-11-21,100.14652481675144,60.44145271543528
2018-11-22,101.38239980824417,59.887531235050695
2018-11-23,100.51294797302586,59.247318308637034
2018-11-26,101.67067449348366,58.41070135996149
2018-11-27,100.36377689976514,58.958908415340126
2018-11-28,99.07778140183416,59.906579934459614
2018-11-29,98.88547335594299,60.002549985529654
2018-11-30,101.49601438519618,58.53069620897803
2018-12-03,98.8023874662927,61.01953909881026
2018-12-04,97.27389268487386,62.16282100432032
2018-12-05,93.88891710343117,62.10459077108651
2018-12-06,93.6150887012135,60.89210257760988
2018-12-07,90.8632513214862,60.568647013727485
2018-12-10,89.36006760806723,61.06894876194018
2018-12-11,90.21293449996092,60.08909449375612
2018-12-12,91.09561356079745,59.4304653542839
2018-12-13,91.24974614869737,59.140397792151354
2018-12-14,93.66440793456076,60.177593902227486
2018-12-17,95.2143073846105,61.1401710949665
2018-12-18,95.75614430216929,60.3750105769216
2018-12-19,96.73396562276207,59.269145410207415
2018-12-20,98.29484668875796,60.69443822403582
2018-12-21,100.71591054098363,61.669222793259124
2018-12-24,101.69316430249688,61.12230427758676
2018-12-25,99.64053572259398,60.36488953965927
2018-12-26,100.66088541074238,61.27904322235294
2018-12-27,101.17826545138591,59.65651741208892
2018-12-28,102.44841660153558,59.39395148045297
2018-12-31,100.89326550634183,58.386294776203194
2019-01-01,102.48654605232399,58.163622423903746
2019-01-02,102.00415087922492,58.73291114764125
2019-01-03,101.04846589339296,58.05560501714917
2019-01-04,98.78075488160206,58.71677993401991
2019-01-07,96.83159994084693,59.74340272165408
2019-01-08,98.44587393909615,58.5554072442631
2019-01-09,97.43562469140822,58.45512607144857
2019-01-10,95.80066771725056,58.94367145961804
2019-01-11,97.66282437405248,59.84163429301669
2019-01-14,99.22550982358757,58.35312806719344
2019-01-15,99.15253643504558,55.845823866118714
2019-01-16,99.7547692684917,57.01360577304544
2019-01-17,97.85035479529049,56.429548640604324
2019-01-18,100.54104340084432,56.41094006974343
2019-01-21,99.5912386141278,56.91815703148926
2019-01-22,100.65838211728966,55.32088894819833
2019-01-23,100.16589842522987,56.42443579290487
2019-01-24,98.09231845098567,56.789072714559566
2019-01-25,99.21115453752925,57.598852349069304
2019-01-28,99.04276714497044,58.38366412053795
2019-01-29,97.10445216355177,58.54878103825774
2019-01-30,98.89660275018464,59.62294144056165
2019-01-31,97.03282304574617,58.97823187008731
2019-02-01,97.99555825452413,56.90057446082532
2019-02-04,98.9157994499711,58.26228655540559
2019-02-05,102.77719742284563,57.90879919077053
2019-02-06,101.50149933976289,57.88684062700775
2019-02-07,103.32128885287763,57.81221930674886
2019-02-08,107.81819731718213,58.61205668490903
2019-02-11,111.48263734486939,59.20355136397472
2019-02-12,113.10482738034725,60.311887526554074
2019-02-13,114.03182572182922,61.37848060237038
2019-02-14,118.07814315974493,62.238613249562405
2019-02-15,118.60447671844499,61.76214919422074
2019-02-18,116.85199514790621,64.21225959520862
2019-02-19,116.45394744228518,62.86955585154681
2019-02-20,118.72697125852181,62.53438063442655
2019-02-21,114.38880609469717,61.87408026199696
2019-02-22,112.72527780203127,62.1783877601006
2019-02-25,111.08027974253451,61.833732328609436
2019-02-26,108.86754861393453,62.694442555520844
2019-02-27,112.75107056316295,61.19140177360764
2019-02-28,114.9775253806416,61.138765690084476
2019-03-01,115.60627188335111,60.03287859584313
2019-03-04,117.23774425853016,59.289335854083824
2019-03-05,116.00442792925246,59.24329614053791
2019-03-06,119.34988974669909,58.62219743750007
2019-03-07,119.08102959194626,60.57217821800121
2019-03-08,120.24791216925128,59.59000289444921
2019-03-11,118.98445410671383,59.433175580524086
2019-03-12,117.2883767271603,60.71672713306183
2019-03-13,116.1312365967873,61.98956192383539
2019-03-14,112.52499498211628,61.701220886555106
2019-03-15,112.93115447402539,60.74970760056993
2019-03-18,112.61783705661001,60.25451658505898
2019-03-19,116.12227157597745,60.236000287162696
2019-03-20,117.89926626859162,59.1374741256574
2019-03-21,119.00712203067113,58.98163510137935
2019-03-22,119.98582877868982,58.522693388356586
2019-03-25,118.79311119764051,55.777888047358594
2019-03-26,116.75059952233397,56.867041456965815
2019-03-27,118.67981431074853,58.18232076161045
2019-03-28,116.62114818563568,56.86208505203627
2019-03-29,114.73965873670346,57.540094165696644
2019-04-01,113.13397598893002,56.627532575024354
2019-04-02,114.6962503157768,56.40667273524117
2019-04-03,115.7183316914842,54.77187431671997
2019-04-04,121.32550985680088,53.50930106332375
2019-04-05,120.6400517297188,53.942194071136875
2019-04-08,122.0403093376994,55.5830614543922
2019-04-09,122.36954449530413,55.027869410078225
2019-04-10,121.82227592935524,54.867940120257174
2019-04-11,126.34966437330417,53.53169647574681
2019-04-12,124.59315542721727,53.14611560798027
2019-04-15,120.84779817241889,52.47257616009612
2019-04-16,123.05126704993337,52.33677044976047
2019-04-17,122.47994792129391,52.250095125547446
2019-04-18,124.1828386219086,53.794016264133084
2019-04-19,128.5671689021714,54.39602134421615
2019-04-22,126.45189369246117,53.792673991176486
2019-04-23,129.7509120337358,52.76329182401529
2019-04-24,128.45070696802807,55.05472637855344
2019-04-25,129.92372380739218,54.99640990240293
2019-04-26,131.73193618428778,54.9790881516774
2019-04-29,132.23671093757125,54.46658404359746
2019-04-30,131.36777705733047,52.855422993010805
2019-05-01,132.37357790751986,51.38471572908426
2019-05-02,134.830610634409,51.362711454005016
2019-05-03,134.51837206724218,50.087027653113324
2019-05-06,138.55408096676337,49.80749459629483
2019-05-07,132.57714495663194,50.4665018836292
2019-05-08,129.0429889488185,49.2971624165754
2019-05-09,129.5415988536051,49.24572044396126
2019-05-10,125.5320849013381,49.52105491111365
2019-05-13,124.4620013529653,48.52449797109232
2019-05-14,125.6764419593968,47.2168773449759
2019-05-15,126.01084823785385,47.263330909854226
2019-05-16,123.96460609728774,46.9846587667389
2019-05-17,126.51043248514155,46.83888590638875
2019-05-20,123.57409344319763,46.918270487510775
2019-05-21,123.59329651914068,47.04957309331261
2019-05-22,126.80820484333275,47.74498955702381
2019-05-23,124.83776327594069,47.26389815730742
2019-05-24,123.21909114742719,48.132305094046416
2019-05-27,123.52049717421805,47.782697109678715
2019-05-28,125.70034281024363,47.653095094575676
2019-05-29,127.20618708623184,47.23220701235382
2019-05-30,126.8462465315144,47.50652687643785
2019-05-31,127.88014921581915,47.79315117141651
2019-06-03,126.24615525208789,48.097733260340334
2019-06-04,122.16652940375316,49.5064464994754
2019-06-05,121.19794692675873,48.57177263986976
2019-06-06,118.32619918945966,49.06742221807377
2019-06-07,118.76955432314695,48.90923298448219
2019-06-10,119.75415914593854,50.62684045612198
2019-06-11,122.52204274179404,50.21538203959134
2019-06-12,117.55213627287775,51.45506424828886
2019-06-13,117.53965309723814,50.83825925501836
2019-06-14,119.3720931551505,52.03366863963106
2019-06-17,118.27957891665271,52.55156566178436
2019-06-18,119.28948682641479,52.630840639859876
2019-06-19,121.3542876204788,51.26507988397416
2019-06-20,122.33722246125494,50.42498789280296
2019-06-21,123.34420499823358,50.47023699804709
2019-06-24,120.39023827496342,52.573008027379856
2019-06-25,119.77004770613617,51.055626871591876
2019-06-26,119.63433216453137,51.31230858356136
2019-06-27,119.21976612550553,50.22963196603231
2019-06-28,120.83290695529885,50.64224846070346
2019-07-01,120.37122475140434,50.39415816983465
2019-07-02,120.04698593038088,49.40839539027412
2019-07-03,121.9746990790535,51.194080700180486
2019-07-04,122.15697304920656,50.278095790259705
2019-07-05,118.53146033837146,51.09099491377687
2019-07-08,118.60153182354594,52.06045833058308
2019-07-09,116.74706419482955,54.16629849537035
2019-07-10,115.76694598814686,54.75187266625448
2019-07-11,111.30922851210796,55.85753537874374
2019-07-12,109.64387272688978,56.18782639737464
2019-07-15,111.51823499575084,56.15537067526021
2019-07-16,106.24113109484117,55.49215558957985
2019-07-17,111.69039826798478,56.124464272882
2019-07-18,111.8529860529375,55.65071374129239
2019-07-19,112.49719759244576,55.69302705647306
2019-07-22,112.02551962005607,56.282218126788294
2019-07-23,112.00787117227928,55.32501542712905
2019-07-24,112.29351821434949,55.63765968609869
2019-07-25,112.79206554910411,56.40062735096685
2019-07-26,113.14309887573992,55.80255227289449
2019-07-29,111.03052718544757,54.54556368866535
2019-07-30,110.3567645325563,54.6009146749599
2019-07-31,107.21226656242044,53.85451463002017
2019-08-01,106.70279905458227,52.9156115666911
2019-08-02,105.65132506219423,54.23074631197087
2019-08-05,105.89444565720838,53.648149389492225
2019-08-06,100.72750833696043,56.89151755938047
2019-08-07,100.9031755145515,55.52452238192055
2019-08-08,100.89254411124962,55.06472729806362
2019-08-09,101.07904809193538,57.460333049009414
2019-08-12,102.03023073553679,56.11028330486606
2019-08-13,101.62219390571113,56.701841473887185
2019-08-14,99.06310731656663,55.783259014692575
2019-08-15,98.49603368667083,55.745828100172346
2019-08-16,96.84371696102296,56.23415292332081
2019-08-19,97.08111656216867,53.97445251651766
2019-08-20,95.66925915344548,54.20619561520995
2019-08-21,95.36432474987309,53.17457913963931
2019-08-22,95.25066705945623,52.200799611669154
2019-08-23,98.51936196745567,50.22437516693672
2019-08-26,100.12446266096691,49.413108357341216
2019-08-27,100.37244051109715,49.94660163336954
2019-08-28,97.8942036315093,49.53346238293302
2019-08-29,98.87121866425296,50.26641123299026
2019-08-30,101.61118280377094,51.38787339339236
2019-09-02,101.75818541911192,51.013304781046706
2019-09-03,101.71325254955268,50.54490258502754
2019-09-04,102.77868486649504,52.195185715043536
2019-09-05,101.98620445115587,52.87121308677204
2019-09-06,101.00468722953337,53.63016645262215
2019-09-09,104.6763574994331,53.54577493897307
2019-09-10,102.90975350893119,52.73316811442393
2019-09-11,101.49251751915413,53.39336825257395
2019-09-12,101.32818035775635,52.60279093092848
2019-09-13,101.45885241779557,53.23098002501371
2019-09-16,101.65923789354916,53.72956719489205
2019-09-17,101.55909843703598,53.47611010752053
2019-09-18,99.29461850554246,52.83370232821096
2019-09-19,98.4383946742371,53.415545776301144
2019-09-20,101.72660318032662,52.570840813779206
2019-09-23,100.97508071473055,52.13528669825593
2019-09-24,99.42119030379688,51.790975542164176
2019-09-25,100.5135655051854,53.38436641569208
2019-09-26,95.57137438182635,53.22766217623046
2019-09-27,97.14257676105498,53.289293987751954
2019-09-30,96.60158100717332,52.23650170178284
2019-10-01,98.1542427436523,52.34292365011165
2019-10-02,97.05230424482968,53.83311221107894
2019-10-03,97.51401780290874,54.543445130161885
2019-10-04,98.0902738327895,53.9961246972256
2019-10-07,99.74924838307446,52.98391906749792
2019-10-08,99.53833356288716,53.509264718907566
2019-10-09,98.14334712222418,56.06601746138882
2019-10-10,98.70555809128531,55.743137068731386
2019-10-11,99.03291015460634,56.685137581448984
2019-10-14,100.0636118435831,56.71059246845338
2019-10-15,99.57290013969052,56.444354419569045
2019-10-16,98.70408079517577,58.004248100854305
2019-10-17,96.38059342498336,57.697923254719996
2019-10-18,95.8210469548951,58.923182020292465
2019-10-21,96.35824880414233,58.6947115353459
2019-10-22,97.07949535662955,55.981691243787814
2019-10-23,98.00049112378407,54.3042314163391
2019-10-24,97.38064644223539,54.56707248081306
2019-10-25,98.80349246664007,53.40014775666173
2019-10-28,98.24658298493418,53.5891441547106
2019-10-29,98.24071251427897,52.87574548365108
2019-10-30,99.09847895610689,51.622788886516325
2019-10-31,100.21294535622157,51.27143952357409
2019-11-01,98.63719583799522,51.63036019937975
2019-11-04,101.68367539974777,51.8092891565024
2019-11-05,98.57513829059626,51.51371649091253
2019-11-06,100.20683848082925,54.31961517971281
2019-11-07,100.63005026717127,55.35579229042745
2019-11-08,100.32320745125112,55.25381382896354
2019-11-11,99.64058122540723,54.5864259607973
2019-11-12,99.99345794586159,55.52020470672677
2019-11-13,96.93974344998398,56.472106643739416
2019-11-14,96.43295142417348,57.09562669995718
2019-11-15,98.28688127513264,58.55452283309944
2019-11-18,95.81631194904178,59.371247341478536
2019-11-19,95.38751920971315,59.735586231919335
2019-11-20,94.40449667825285,60.16624556693054
2019-11-21,94.8980093120899,61.19826587439099
2019-11-22,96.40790126722453,61.60805567902683
2019-11-25,97.65604000282593,62.107730479430266
2019-11-26,98.00033916732694,61.95696192714236
2019-11-27,97.98819408728876,62.19998673206011
2019-11-28,98.50579434847208,61.68455451157089
2019-11-29,97.5437509367495,61.27078524984627
2019-12-02,96.5561176707011,60.57418482300463
2019-12-03,97.78657065694786,58.068937296340636
2019-12-04,96.66281272033402,57.89966726786335
2019-12-05,97.22880699045645,59.52068686245893
2019-12-06,96.24371842802701,59.48132203873908
2019-12-09,96.27882411692498,59.39991979011063
2019-12-10,94.96980737516853,59.48788537048155
2019-12-11,94.7097053714209,60.33117199178728
2019-12-12,97.93327326229043,60.79927766360619
2019-12-13,96.37929742806921,60.433615005172726
2019-12-16,92.8374112799882,58.81933789571803
2019-12-17,88.23891271040895,58.41284686170265
2019-12-18,90.12464016586311,58.296879897891415
2019-12-19,91.12593001313064,57.855029492793705
2019-12-20,93.69777355079576,58.82656679071783
2019-12-23,94.02175576631686,59.41358516425181
2019-12-24,93.60650405077432,58.26165701850399
2019-12-25,93.76237409666854,59.36735225004918
2019-12-26,92.5123241101566,58.41667366401428
2019-12-27,91.84674593783691,57.87904362218449
2019-12-30,91.37835185677018,56.58062176398004
2019-12-31,89.74752351842832,54.4630181069764
2020-01-01,87.9833132429759,53.82715994796145
2020-01-02,88.54753171140757,52.740164359383904
2020-01-03,89.83187319826077,51.067052301655146
2020-01-06,94.63279412403243,50.60276802826015
2020-01-07,94.48446503204075,49.561767960079145
2020-01-08,96.2903719038294,49.80260566843509
2020-01-09,96.98338195533401,49.30145935052674
2020-01-10,97.17495492308755,49.67799579127103
2020-01-13,97.40525632643862,50.47717043124811
2020-01-14,97.41166864375452,50.60721033893964
2020-01-15,97.98007398902463,51.75519630158759
2020-01-16,98.76894804871151,50.95826893768991
2020-01-17,102.49944799272492,52.30002101875784
2020-01-20,103.54455245495808,52.50223958646387
2020-01-21,109.54852341732466,52.48739281923199
2020-01-22,109.4173017256626,51.63584587666844
2020-01-23,109.24185493070442,51.13533892031806
2020-01-24,112.5695042920215,51.9460893655507
2020-01-27,116.3302506760991,51.40767877318033
2020-01-28,115.37116217767911,50.93954318858894
2020-01-29,117.32291977726013,50.53791418212404
2020-01-30,115.33352400852657,52.08798246237212
2020-01-31,113.59784000126929,51.78313767879712
2020-02-03,113.28672759686935,51.3507230373683
2020-02-04,115.92539077292703,50.74262206632828
2020-02-05,114.28394441393293,49.51904783430847
2020-02-06,117.45103679718805,52.130090406409565
2020-02-07,118.59152551257057,52.08388178770631
2020-02-10,119.22238971346285,51.05973732442314
2020-02-11,120.67040490990608,49.638498782078614
2020-02-12,120.79605368165738,49.81312628333855
2020-02-13,119.32355191619932,49.02797201729342
2020-02-14,124.04884797356604,48.80262401793201
2020-02-17,126.08740505814973,49.375914585001844
2020-02-18,124.63765580627349,48.71015137362788
2020-02-19,123.70140411683752,49.201425831557934
2020-02-20,125.80735664640999,50.379979045613176
2020-02-21,124.33122895045257,49.40304884127521
2020-02-24,124.29123619048687,50.42294611876707
2020-02-25,118.83050660437453,50.74714357950925
2020-02-26,118.60066301254761,49.98526991326922
2020-02-27,118.02573354579471,50.04454982286363
2020-02-28,116.58872681412278,49.42509872320613
2020-03-02,116.98424748708305,48.78057756308662
2020-03-03,115.80270172486034,48.10073118734308
2020-03-04,117.28673876272762,46.69969136532124
2020-03-05,120.8667478945473,48.122798050305896
2020-03-06,123.02642046290076,48.2054662028805
2020-03-09,126.82523372195863,49.82989192792591
2020-03-10,127.4796319023746,49.82605426557474
2020-03-11,129.1334938365597,50.13884337385638
2020-03-12,126.05568675104655,49.72868765997555
2020-03-13,125.31178157573157,49.88612648344449
2020-03-16,122.06879271609961,49.50600434180149
2020-03-17,122.08564649609896,50.07465866970341
2020-03-18,122.42735031064402,49.0148948063307
2020-03-19,122.60566139280269,48.47878432236249
2020-03-20,119.89753281487658,49.73692261399344
2020-03-23,118.94663027722817,49.584696802297785
2020-03-24,119.09379755563462,49.41332867114963
2020-03-25,117.53321833832078,49.83952704872567
2020-03-26,116.96146994906667,50.95369185275218
2020-03-27,117.37920127559762,51.15152629697432
2020-03-30,114.95898045132664,50.59920713201971
2020-03-31,113.40201596924146,50.526885339075854
2020-04-01,115.77910181356243,49.02038967449114
2020-04-02,117.42149179584067,50.24608893849428
2020-04-03,117.0743185877454,50.297355094698325
2020-04-06,117.45796198829343,50.91855266151135
2020-04-07,114.13726130397504,50.71093605988346
2020-04-08,113.55786295871964,51.469676726895926
2020-04-09,115.58678029069081,51.40640027269052
2020-04-10,116.59724842749759,51.998855233997666
2020-04-13,118.22677333558273,51.060678997037044
2020-04-14,116.39877397524512,51.298252610105834
2020-04-15,116.39780266485728,51.58080684195352
2020-04-16,115.75876190959684,52.66605427699066
2020-04-17,116.5247108825205,51.164336225020556
2020-04-20,112.64478330040345,52.36691605468589
2020-04-21,110.71181146188027,52.33230414933408
2020-04-22,113.07482018269958,52.316226750514794
2020-04-23,114.05119065181164,51.01789367643713
2020-04-24,116.3538844237777,50.64197601994324
2020-04-27,114.66655607997033,49.62636207815676
2020-04-28,118.91311917171517,51.869177662084034
2020-04-29,116.59533914506368,51.98266185320918
2020-04-30,118.96849885466105,52.19590147143284
2020-05-01,121.3286697798405,52.29286257921291
2020-05-04,120.70848599969513,52.24905888992863
2020-05-05,122.60080936676911,52.61409420511913
2020-05-06,124.20530535112047,52.473426281676
2020-05-07,124.06637275733434,52.003575348431966
2020-05-08,124.47306231738999,52.88230041064694
2020-05-11,124.62258609924946,52.43990960343879
2020-05-12,126.2570861336273,50.996691838635655
2020-05-13,129.7877581438068,51.0171271386896
2020-05-14,131.57785429929288,49.48216527835369
2020-05-15,133.55983174400137,48.519111336182554
2020-05-18,136.85731445350575,50.44584805552562
2020-05-19,136.5830392458286,50.339748374023486
2020-05-20,134.7520329003438,49.99499138622281
2020-05-21,131.50131572947302,50.20544688336601
2020-05-22,132.9842279041241,50.389297078983276
2020-05-25,131.95706760598796,49.91605350719555
2020-05-26,132.58255716220873,50.6582034072495
2020-05-27,132.14482315060187,51.541571749300395
2020-05-28,132.63687672609277,50.54678163796412
2020-05-29,131.73348939895573,50.61984493023224
2020-06-01,133.25601334012583,49.36757232246141
2020-06-02,132.10450080122936,49.37676511675585
2020-06-03,125.07807403630564,48.82364204633275
2020-06-04,126.91223080192697,48.81179335727093
2020-06-05,127.90033727378668,49.16728848614687
2020-06-08,128.90033924537343,48.53811250249891
2020-06-09,129.6829623806979,48.8405490851421
2020-06-10,127.45717392816516,50.058072875134044
2020-06-11,129.46325982228052,50.09354997513855
2020-06-12,130.63719017351244,50.4077068675905
2020-06-15,131.28493234287677,51.32940108234671
2020-06-16,128.75687266081718,51.14143840769909
2020-06-17,128.85502961619486,51.77110172063023
2020-06-18,127.31670166428502,53.62599366440178
2020-06-19,129.88664262537714,52.12665819969613
2020-06-22,129.99467054368978,51.1598334496058
2020-06-23,130.54434740024467,51.43787527971872
2020-06-24,132.93717358138406,50.752478662020174
2020-06-25,131.76999727432226,50.746258372107015
2020-06-26,135.33341045336238,49.805965402667375
2020-06-29,133.11943752924878,50.885182170026596
2020-06-30,136.25688266569315,51.42848432129937
2020-07-01,134.35506333861963,51.59929410905352
2020-07-02,141.12570333098142,49.81532073067592
2020-07-03,142.78339168815353,51.50111216759412
2020-07-06,146.6920032411958,51.46010466239971
2020-07-07,145.65833217845076,50.876200039286466
2020-07-08,145.36530478885058,50.09745433368368
2020-07-09,144.45118102842156,49.95191185942123
2020-07-10,142.44749041439314,49.3768094918742
2020-07-13,145.26939242944073,48.13327721205709
2020-07-14,140.42244273171292,46.94592591988076
2020-07-15,141.02796409433753,46.55990746320624
2020-07-16,140.05359366616008,45.65367111868401
2020-07-17,144.78113886050008,46.487071558291035
2020-07-20,147.07194312721893,46.615917676224086
2020-07-21,145.97371867163326,46.95411175388136
2020-07-22,149.6767856697778,47.23887833631013
2020-07-23,151.26047291772454,48.55358113571693
2020-07-24,146.45957876070176,49.441767447790895
2020-07-27,146.46148803482947,49.39064778317048
2020-07-28,144.56630767133203,49.73301526080821
2020-07-29,140.09421557317944,50.84715691373426
2020-07-30,140.88904961695033,50.691843789686764
2020-07-31,143.06900495041117,50.359533940926596
2020-08-03,145.82661057938898,49.818109839625016
2020-08-04,143.09428568258207,50.35949893661541
2020-08-05,140.12393064423225,49.57285274003328
2020-08-06,137.44094762235673,49.75084627484598
2020-08-07,135.0999731405195,49.5334768792974
2020-08-10,134.71491167534413,49.85039031743101
2020-08-11,131.25669193056672,49.76487361952014
2020-08-12,132.23536855363764,48.69901368198475
2020-08-13,127.46272261358502,47.94149108680553
2020-08-14,125.17305100697888,48.25563654747715
2020-08-17,122.30241193045268,48.66847201416034
2020-08-18,119.15684721294966,49.159758175514234
2020-08-19,116.25562832355172,49.470554002177245
2020-08-20,116.77559188061322,50.335400574304835
2020-08-21,120.09116125889345,48.851398976265415
2020-08-24,118.99551292560643,49.191563213144896
2020-08-25,118.45290769992982,49.19057916254273
2020-08-26,119.29877332768282,50.90842339960208
2020-08-27,118.37872029866784,51.094374317976154
2020-08-28,119.52550844062834,51.95247078428553
2020-08-31,124.28834716116526,51.865075286857945
2020-09-01,123.28456338622887,51.8502452043333
2020-09-02,125.55015381581617,52.437525684515926
2020-09-03,128.9608404742191,52.26574111306913
2020-09-04,130.8600618704677,52.9003397266968
2020-09-07,132.45799284441176,52.175672156505094
2020-09-08,133.515930408881,52.79699311033792
2020-09-09,133.4952871427271,52.43906301720806
2020-09-10,135.02385442388697,53.64986472456677
2020-09-11,132.2701319391478,54.11963627513351
2020-09-14,132.63038071938075,54.15603474873492
2020-09-15,134.87163521525048,56.13743497053023
2020-09-16,133.43183029578213,55.59707618942611
2020-09-17,133.679198946108,53.41093415968074
2020-09-18,132.4886149259089,54.472846951876996
2020-09-21,129.92674762478373,56.84000969474202
2020-09-22,126.14325767699262,55.62426364609564
2020-09-23,129.46207868178104,54.7331836870291
2020-09-24,131.87931507075288,55.72746234034952
2020-09-25,132.06206559325472,55.33348930236103
2020-09-28,131.8972171571785,56.072659810451675
2020-09-29,131.28123432276672,57.68399647979173
2020-09-30,130.1894939836759,58.8409951161617
2020-10-01,131.51430468620387,58.81637054902789
2020-10-02,133.97491002637068,58.95264683534571
2020-10-05,131.9741483731404,60.553591902989936
2020-10-06,129.8864537098762,60.285692641687014
2020-10-07,129.84969491382682,59.12775968671793
2020-10-08,130.1260039941345,59.86902229577539
2020-10-09,128.13598507467898,61.264128768331794
2020-10-12,127.10361552069965,61.39894351831332
2020-10-13,125.32897134130918,60.0086770076805
2020-10-14,125.09796669266152,59.43434618621586
2020-10-15,122.66590286355571,56.98329055170321
2020-10-16,123.57264073820869,57.23202740578549
2020-10-19,122.62497678572353,56.331694238373146
2020-10-20,123.83349599150111,57.918908823416906
2020-10-21,125.53676912777622,58.20315502354829
2020-10-22,131.11905528552154,56.985270348957826
2020-10-23,135.11558793770436,56.59913246711719
2020-10-26,138.132678030353,54.92370208137828
2020-10-27,140.52181500193223,53.73529381491118
2020-10-28,139.8279278681617,54.34252112091915
2020-10-29,137.05637393866235,54.73015215451269
2020-10-30,138.60419648655284,55.58739559368371
2020-11-02,136.81548421917068,54.5032970720332
2020-11-03,136.25790982492728,52.96360798322901
2020-11-04,138.32854891409582,53.44112194252316
2020-11-05,141.98824186307718,53.81936070595005
2020-11-06,143.25729510955776,54.57685104040772
2020-11-09,146.59902676640465,53.71211918234563
2020-11-10,149.84220826550455,52.58837904331952
2020-11-11,154.60824547401972,53.79794223986517
2020-11-12,149.53163432029453,54.5690719031541
2020-11-13,150.26562613204533,55.346860972058444
2020-11-16,151.65428352823682,54.111471485187856
2020-11-17,149.14582327055578,53.67087258769491
2020-11-18,150.58704912948707,53.63069233667239
2020-11-19,154.11200342980277,52.901707023863786
2020-11-20,157.91392146912025,51.349019630552775
2020-11-23,157.5354025437186,51.054739642426725
2020-11-24,160.88391308310932,51.74494866707464
2020-11-25,160.83725919173963,52.2807006632762
2020-11-26,158.9875587736644,53.1269841057758
2020-11-27,158.01125275459424,56.241633168189765
2020-11-30,162.71003152683426,56.97783558621866
2020-12-01,163.426845282409,57.27853509857267
2020-12-02,159.43557371844364,57.98823685620016
2020-12-03,159.43318551646541,57.786618727639215
2020-12-04,161.729667986206,57.645859254111365
2020-12-07,167.77454805851107,57.10321542920129
2020-12-08,166.79502860563463,58.94252788682706
2020-12-09,167.5109875861426,57.170339923470706
2020-12-10,165.14674045689347,56.73799292131856
2020-12-11,167.32857674490816,56.67804632882966
2020-12-14,165.70905594456966,57.174455358181554
2020-12-15,166.60450622854236,59.05171642865763
2020-12-16,168.0789147126246,59.07784500141092
2020-12-17,165.04247058323324,60.79342422988792
2020-12-18,164.54252455884014,61.372809087708546
2020-12-21,163.19690710422165,61.37057481072019
2020-12-22,159.42725610634915,59.87293126511215
2020-12-23,156.53241437801864,61.11765770768132
2020-12-24,158.8389448569343,60.33636000336394
2020-12-25,159.3647417606529,60.56562157203659
2020-12-28,159.6583426264375,59.22563404886666
2020-12-29,160.0085116837813,58.13669546799386
2020-12-30,159.2489819876857,57.043883782465734
2020-12-31,155.36941109862877,57.80539394343622
2021-01-01,156.58610883159272,58.373291264607765
2021-01-04,156.6768825174447,58.793302733713645
2021-01-05,153.1571518816444,58.11264066727696
2021-01-06,153.86740675299444,57.345255238064006
2021-01-07,161.32019397964515,60.284588329865166
2021-01-08,168.2628093976252,61.88836855773221
2021-01-11,170.53130075039667,64.52559419686125
2021-01-12,172.6099660265937,65.66492299617069
2021-01-13,169.1934497452185,66.81567824803342
2021-01-14,170.89612864932272,65.93227892522691
2021-01-15,170.94926826965738,66.93777756796248
2021-01-18,177.64528158283304,68.75643522036434
2021-01-19,177.80196100026697,67.56898735611024
2021-01-20,177.5804959307264,69.60806813617259
2021-01-21,177.5555792539169,69.41149838084544
2021-01-22,177.0901524328853,67.13756000833918
2021-01-25,181.62852860024353,67.42328153101315
2021-01-26,177.95048716172238,67.56387737051894
2021-01-27,175.57982282400877,69.69306198933273
2021-01-28,181.01946840160522,71.25155110377631
2021-01-29,182.3214544329913,70.36665381554414
2021-02-01,179.84004000043484,70.76770415529494
2021-02-02,181.10242144713365,70.80651266901698
2021-02-03,182.1562621626151,69.17535074002701
2021-02-04,179.99162434936667,68.19305067564359
2021-02-05,184.12424030481355,69.55816222421419
2021-02-08,182.2388765895045,69.1799009324005
2021-02-09,180.74849550678437,71.17461008566927
2021-02-10,180.65791336989705,68.37684481073667
2021-02-11,178.44658494013953,67.1053596625769
2021-02-12,179.66443350848616,67.3037908864976
2021-02-15,181.69406212213076,70.5855912572802
2021-02-16,176.7734634259053,70.82141255695139
2021-02-17,175.680356070838,69.65880531195117
2021-02-18,172.17549270617033,71.15744671965103
2021-02-19,172.65078686893045,71.12623322855259
2021-02-22,175.86080784395634,72.20431947857642
2021-02-23,173.51116929045594,74.43418355511324
2021-02-24,167.1256743620344,74.52797797099953
2021-02-25,166.8897554140284,74.80096579699044
2021-02-26,162.0972424990133,75.8931413031562
2021-03-01,163.95617594514832,73.71460237876656
2021-03-02,162.63056425199093,75.09891921554542
2021-03-03,168.15379557976877,74.2328429590669
2021-03-04,170.922733080621,73.37279442062624
2021-03-05,168.5718418254354,72.7238010331418
2021-03-08,164.86149029295166,72.27742205396336
2021-03-09,163.5381354976807,73.0593313208612
2021-03-10,166.14170716161826,73.70676131342194
2021-03-11,164.63105964341383,75.76262689855139
2021-03-12,168.45686724638293,78.18373505474014
2021-03-15,166.3111303491024,78.07679982386473
2021-03-16,165.1877636086318,77.13201552541429
2021-03-17,170.62687134336568,76.32962247697519
2021-03-18,169.37867344524778,75.20301009968755
2021-03-19,170.48154441139508,77.0114759384527
2021-03-22,174.68586640827186,79.0929028647318
2021-03-23,172.9897742972521,76.30831077017807
2021-03-24,171.40097642685993,75.14660235997755
2021-03-25,171.12591591450484,74.5969059847237
2021-03-26,165.60030812302747,74.68077575669668
2021-03-29,165.2663054077697,77.28732838072389
2021-03-30,168.0991274312004,78.76630127565171
2021-03-31,173.9332200725781,77.28166513282423
2021-04-01,171.8403260488561,78.06139965432351
2021-04-02,176.67552746474573,80.17310247476642
2021-04-05,172.78482753057523,79.2043678931042
2021-04-06,168.27251901336234,77.95210601117846
2021-04-07,163.4091469514011,78.1679882514434
2021-04-08,167.22842782644716,80.80490836621047
2021-04-09,168.87219914707086,79.29344741245502
2021-04-12,169.35816537784896,76.85290768903297
2021-04-13,169.5873466614335,77.33020077777543
2021-04-14,169.18979410196053,77.75870360845303
2021-04-15,171.01414049109422,76.75178769134516
2021-04-16,170.9782776609301,77.71054306950515
2021-04-19,164.71945379226872,77.87106016843458
2021-04-20,161.92924098236756,77.80777296113777
2021-04-21,162.36548760842342,77.1613203254017
2021-04-22,163.19391323245912,77.67875656540782
2021-04-23,162.44436275799507,81.27312424130331
2021-04-26,165.71863209795038,80.36745348480227
2021-04-27,167.24060623248346,82.1958107227379
2021-04-28,168.35491617373538,83.31537642857381
2021-04-29,170.5914611146625,83.02513407737153
2021-04-30,176.44664010914397,84.57104364234766
2021-05-03,173.38284350541807,86.42497623013105
2021-05-04,176.87087222399745,84.54476459646963
2021-05-05,174.26310845082534,85.44924146627349
2021-05-06,175.05425244865486,84.7795926841583
2021-05-07,179.94929300498487,82.13037266439824
2021-05-10,179.46015547361088,80.40485567237033
2021-05-11,179.31902639946077,79.32885739593416
2021-05-12,177.41314616523002,77.69555950636556
2021-05-13,180.77644850851905,77.00575364023584
2021-05-14,175.82596886216612,77.26295011979488
2021-05-17,173.73216255944538,79.5376679636457
2021-05-18,171.6353672700572,81.1464667343354
2021-05-19,167.20108848132597,80.93855244539247
2021-05-20,170.60998402812834,81.13650307897223
2021-05-21,168.9390964553117,81.53105611487165
2021-05-24,171.13241766312547,82.09299390089296
2021-05-25,167.06668708309192,78.67920140903941
2021-05-26,167.6965299720397,77.52254321649139
2021-05-27,169.13096616581325,80.47498242427505
2021-05-28,170.18722309146236,78.75651856686298
2021-05-31,176.69881078983664,77.91458715583222
2021-06-01,177.01518467631132,76.20199331716054
2021-06-02,174.18690667771708,76.19683158987252
2021-06-03,173.742267363562,75.42232075919183
2021-06-04,171.78523063894295,74.08167549700956
2021-06-07,172.49261754070903,73.7502247925728
2021-06-08,171.98010641265392,74.89346650943013
2021-06-09,171.17372958793203,75.75045335371321
2021-06-10,170.4473319529429,76.29052541064138
2021-06-11,168.42797118786294,76.30225639226371
2021-06-14,157.94004160287935,77.29545986501115
2021-06-15,153.02213368481316,78.00603345867493
2021-06-16,152.4559646780624,76.98504571976407
2021-06-17,156.9581948590616,76.47924934029783
2021-06-18,160.78139069175174,76.75889758245054
2021-06-21,166.26500489741994,75.63596818020535
2021-06-22,162.3850835566864,74.24973721348684
2021-06-23,162.63298924995993,74.7038338561197
2021-06-24,163.88370540817783,74.54503589734146
2021-06-25,162.43646256771552,76.82364998342614
2021-06-28,162.83412454480086,76.35411930654887
2021-06-29,161.0349157239783,75.56639670640143
2021-06-30,158.36737071034727,77.03905029940726
2021-07-01,161.52220871395818,76.29009567414532
2021-07-02,164.76709278047187,78.79185653689453
2021-07-05,169.6802715417444,78.40134524749554
2021-07-06,168.19303423690312,79.2658292445294
2021-07-07,166.22572742491388,79.89067534267372
2021-07-08,163.0187719343,81.07506564923835
2021-07-09,163.73982188986275,80.8024622074396
2021-07-12,163.90974887237607,79.67849046791503
2021-07-13,164.60108384942563,80.46865527357315
2021-07-14,164.05293271299993,79.73569792557356
2021-07-15,157.71563958924364,82.55590775907436
2021-07-16,158.4770316946671,85.8518573774904
2021-07-19,156.83154145956652,87.7512993141551
2021-07-20,159.41275276017595,87.4942422284489
2021-07-21,161.11315858265866,88.47434856281339
2021-07-22,165.42531952919657,87.34985755211218
2021-07-23,165.03513724844726,87.52366145353254
2021-07-26,160.66732809999448,87.19172682606089
2021-07-27,162.00103842672317,87.04496982039358
2021-07-28,165.8984013971186,87.75778864099317
2021-07-29,163.85658057758624,88.66255961824918
2021-07-30,164.76522060836209,88.92312074549147
2021-08-02,163.40235868382373,88.16638497538118
2021-08-03,161.3043406919818,87.86869210077826
2021-08-04,161.6974378926415,89.41669364980224
2021-08-05,160.14515199674494,90.48728747912767
2021-08-06,160.37232296312018,90.50777792817239
2021-08-09,159.6647316261472,90.40848461770621
2021-08-10,166.53294882453892,91.18641317714909
2021-08-11,167.70996715275837,88.02683242547302
2021-08-12,172.6235432432452,87.4041779541346
2021-08-13,172.76759607240137,89.55205308325105
2021-08-16,178.0864907848232,91.52972580957065
2021-08-17,175.57734701874966,90.63174598924678
2021-08-18,168.6538013545571,88.7622990758136
2021-08-19,169.2828882256873,87.71502816857168
2021-08-20,168.39992530394034,86.12291682055233
2021-08-23,161.83012079311197,87.4156782334728
2021-08-24,164.02818037627534,90.64118643027007
2021-08-25,163.74653361982442,89.73955616816421
2021-08-26,165.6054808835172,87.60723414001403
2021-08-27,166.94562133547507,85.8990253425087
2021-08-30,167.4220335432248,86.97816447167466
2021-08-31,169.99920824104532,84.59222912494914
2021-09-01,169.19035257158345,81.8088505885899
2021-09-02,169.25771608549707,83.77851788658111
2021-09-03,165.83845180345384,84.80322021469149
2021-09-06,166.13505032145287,81.75638106491672
2021-09-07,164.36600776179867,83.47000103418677
2021-09-08,164.48334560495715,85.15838192995255
2021-09-09,166.82935433986256,85.20545328837366
2021-09-10,165.4182883577671,87.09239395394546
2021-09-13,162.1628701867913,88.48848233224562
2021-09-14,162.99036587379604,89.44936651847796
2021-09-15,170.73607772630913,90.77160480369751
2021-09-16,165.7009651804452,89.50982580597413
2021-09-17,165.22664492210234,88.46000696822432
2021-09-20,161.78196272365068,88.6766949407878
2021-09-21,162.69897831287503,89.2538269428627
2021-09-22,162.01184254518566,88.06807414885422
2021-09-23,161.80796543874644,88.70280712717012
2021-09-24,159.70961985759328,87.89111156216347
2021-09-27,161.0776339450657,88.02999644423426
2021-09-28,162.87989434450952,89.63875878049846
2021-09-29,159.27269120900996,89.65866847646474
2021-09-30,158.29550517465654,89.165394110839
2021-10-01,158.26973290461802,89.27669672699965
2021-10-04,158.33995594058482,87.505863008775
2021-10-05,154.1216392609432,88.11719213664352
2021-10-06,153.68703851008547,86.19528938152438
2021-10-07,153.58394744498304,88.54996651034888
2021-10-08,155.10374598905543,88.29416207970174
2021-10-11,156.1076162735172,87.72860465094584
2021-10-12,156.36580390305116,88.29042925063293
2021-10-13,156.34384570418655,90.17521982310244
2021-10-14,161.5319529499305,93.29437440352594
2021-10-15,160.86988891452526,95.16200268070521
2021-10-18,166.5395475717232,95.01213238704048
2021-10-19,164.42062681315088,94.1206375784146
2021-10-20,169.11480571411803,96.91582089426348
2021-10-21,172.8966316079388,94.17640049803852
2021-10-22,167.04922319292243,91.52419282421775
2021-10-25,169.5090451641798,92.31176934650193
2021-10-26,163.24301613308756,93.62070629291699
2021-10-27,165.45616266581092,92.83331771795389
2021-10-28,168.10338888300817,93.61859412434997
2021-10-29,170.8509920816702,90.40698482454083
2021-11-01,172.94923635256197,92.41935609660769
2021-11-02,172.25265939576695,92.33511136149833
2021-11-03,170.95417317262275,90.17490066833005
2021-11-04,163.8008191159078,89.02841939043138
2021-11-05,162.41010563235199,90.58764054418265
2021-11-08,161.9883484331216,91.64595703047695
2021-11-09,166.25152842825966,90.02181835941798
2021-11-10,167.71256477462174,89.25859051527793
2021-11-11,168.18429005642707,87.08623173115271
2021-11-12,168.29910119553594,85.08454800604551
2021-11-15,163.36010940648052,83.48428111166992
2021-11-16,166.33101096308155,83.45289041046236
2021-11-17,166.7894783422633,84.46735508520146
2021-11-18,168.10448201435608,85.47184816493498
2021-11-19,164.69646631190727,88.21432330457438
2021-11-22,168.8483775388741,89.43039085733122
2021-11-23,164.5399820425186,87.66236539698914
2021-11-24,159.2404477244842,86.71564847235868
2021-11-25,160.90420289377724,85.83020243472501
2021-11-26,162.99526312352222,83.59392114174332
2021-11-29,162.48977150472786,80.77663272051518
2021-11-30,165.3332555603633,82.83941363380951
2021-12-01,163.4047700720401,83.49632949420943
2021-12-02,166.08688523848244,85.44573683361732
2021-12-03,166.7982251041264,86.42308106071485
2021-12-06,166.36837391886112,86.86769187004394
2021-12-07,165.7437921940776,84.22509814176955
2021-12-08,168.14021736614083,80.748261419313
2021-12-09,166.68521324397008,82.93596120268602
2021-12-10,168.91805852847463,82.89482767205115
2021-12-13,162.7822721759908,81.49493889627334
2021-12-14,161.44939133661524,81.08174492375645
2021-12-15,158.948054473376,82.607981840151
2021-12-16,161.73066292230865,83.90826070028159
2021-12-17,160.47067027474037,81.50441947347434
2021-12-20,165.32381680530713,81.71588255989563
2021-12-21,162.2251908701241,84.88185488841596
2021-12-22,158.06831668257016,86.2202229759894
2021-12-23,159.43944579748015,82.00752115811973
2021-12-24,157.70943928831994,82.46525001467901
2021-12-27,157.61160350586337,80.48487891131046
2021-12-28,159.5432064764968,82.53007727641058
2021-12-29,159.78683678596164,83.17448129117082
2021-12-30,166.13712135687265,81.28898656980564
2021-12-31,170.8852196408685,78.96694035328511
2022-01-03,173.1478430899124,78.84607116647645
2022-01-04,166.8191815991987,79.42116116999613
2022-01-05,164.51894804498923,80.0475551246143
2022-01-06,159.92159976727513,83.31192270915794
2022-01-07,162.35288717596637,84.04525125547052
2022-01-10,162.31220849068737,84.23225188559225
2022-01-11,160.21823145668,82.04157971852008
2022-01-12,156.78194397182398,83.01402353000202
2022-01-13,158.30081833957507,81.41850924226513
2022-01-14,155.0004674334246,80.72867362575786
2022-01-17,155.03003685355927,79.33857729105533
2022-01-18,153.7338858030952,77.93430394049376
2022-01-19,156.22559939784645,77.21987822490894
2022-01-20,154.28839249185188,76.52712706330685
2022-01-21,147.07116566240018,75.51226999803245
2022-01-24,147.06230959642068,74.69125617190045
2022-01-25,152.17097756793453,75.30876090260232
2022-01-26,151.85743806220614,76.24613621774007
2022-01-27,151.80681578963154,75.75001234440148
2022-01-28,154.8431171819221,73.28068471727397
2022-01-31,149.98743888437963,72.62148464817288
2022-02-01,150.4279063520431,72.61760523805955
2022-02-02,153.1673933003341,70.84948184882738
2022-02-03,149.74775672204484,68.68093540623512
2022-02-04,148.16345907070928,67.6850006096273
2022-02-07,146.44610033804412,67.80880795451769
2022-02-08,146.4777224941007,67.1209069442285
2022-02-09,144.4396285671922,68.03974584492359
2022-02-10,143.02464386807293,66.44644245660271
2022-02-11,137.57672381376645,65.7093735995954
2022-02-14,138.38489620789588,67.10854241524319
2022-02-15,139.63653077857427,66.96463238905342
2022-02-16,140.51696093546957,67.27100132353728
2022-02-17,137.9293299103405,69.19625632187456
2022-02-18,137.3388812268888,69.22902763142139
2022-02-21,135.01278869730237,67.9823252098268
2022-02-22,132.2151774625,68.95640280167574
2022-02-23,129.41043564016832,69.59386486126607
2022-02-24,128.89384806276271,71.9727184194419
2022-02-25,129.85247592402897,72.09325881974503
2022-02-28,133.64951140329114,73.29997553352537
2022-03-01,131.80695789662283,71.68401715355547
2022-03-02,131.2426531896426,70.16842364683995
2022-03-03,132.8945124041522,70.2492676398254
2022-03-04,134.30688496834668,69.68455171699951
2022-03-07,135.27941513030146,68.15490671328367
2022-03-08,138.8954762382,66.70028498203018
2022-03-09,139.7511698011634,63.80221569057875
2022-03-10,140.4515006901858,64.73900137982005
2022-03-11,138.72614226635082,64.3981111418473
2022-03-14,138.9495188504274,64.49570453186085
2022-03-15,138.0191241542768,63.81646290318801
2022-03-16,134.83762635527495,63.90971313745789
2022-03-17,132.18448525972727,65.47538385937418
2022-03-18,127.44946339590331,65.7538935861872
2022-03-21,125.15809928423465,65.08744044257723
2022-03-22,124.31724417657813,64.76557535145007
2022-03-23,119.77388998918319,62.19491096215316
2022-03-24,121.55217088852301,63.05593214958004
2022-03-25,123.94826491799597,63.76934629585389
2022-03-28,126.56598994764474,62.97464171623718
2022-03-29,125.85270614864861,61.35671241984551
2022-03-30,125.45784921988661,62.16286040705088
2022-03-31,123.64180544047217,63.468625319379
2022-04-01,126.03129350916795,61.79243903024039
2022-04-04,126.5019169917132,61.626220662916985
2022-04-05,126.30492050528972,61.9058339851249
2022-04-06,125.16810274155196,64.54331241021772
2022-04-07,128.0903667732459,64.05240863479142
2022-04-08,129.0053935276512,65.76307178129238
2022-04-11,134.30282771846066,66.24657310726744
2022-04-12,137.7031512337402,66.37424611265153
2022-04-13,134.35769740207095,67.39174788424094
2022-04-14,136.71987160789502,67.09893630157741
2022-04-15,132.6265330042277,66.92480267938924
2022-04-18,131.31556897781635,67.58257651962593
2022-04-19,134.08461206028198,67.65219968409609
2022-04-20,135.19338900915875,67.24098170058102
2022-04-21,138.89047186361927,67.67481341869906
2022-04-22,140.3575493712117,67.6860109501599
2022-04-25,137.85297698480207,69.09052942008945
2022-04-26,132.37780016979082,68.49918000018592
2022-04-27,133.3137471253604,67.04878117655457
2022-04-28,135.3125172120133,66.6291808202825
2022-04-29,131.88748345914908,68.8866939500123
2022-05-02,129.4578555780538,70.02422877610176
2022-05-03,130.81934237827164,73.29111533205592
2022-05-04,127.28026239449464,71.53002578897436
2022-05-05,122.3010371692632,70.91895248554616
2022-05-06,125.4881576807056,71.80831759857216
2022-05-09,124.95935372330803,71.20031747646432
2022-05-10,123.93338250045109,69.54202402802723
2022-05-11,125.6560359563578,70.01688501181458
2022-05-12,129.00610420953623,68.58588400790721
2022-05-13,132.18021048384,68.22996577465224
2022-05-16,135.4342559364002,68.43361936438339
2022-05-17,139.81423859721153,69.03676859677996
2022-05-18,141.33824008471245,69.066666445311
2022-05-19,141.53459228695527,69.57107928443664
2022-05-20,144.48669170912552,68.19782363702143
2022-05-23,145.32228001516893,69.22650788846201
2022-05-24,143.53424078359166,68.94781288374908
2022-05-25,139.74586288245538,68.1180305622847
2022-05-26,139.3728615224017,67.9260212790292
2022-05-27,137.8672140695693,68.22402979046703
2022-05-30,136.99782903067972,66.7382886127789
2022-05-31,142.2439212641791,68.59849123223721
2022-06-01,142.26777497673652,68.679491179504
2022-06-02,142.14783530076696,67.83330610004748
2022-06-03,142.42137025511954,66.5825127071139
2022-06-06,145.7063200534767,66.91424613430019
2022-06-07,139.33040395009544,68.08027357815143
2022-06-08,139.99587694085312,67.56254646264317
2022-06-09,137.24568998587569,65.94623150867295
2022-06-10,135.266971326055,66.62482700321071
2022-06-13,136.9476584553253,65.98544844352833
2022-06-14,139.68500147004139,66.51141223583417
2022-06-15,141.21825832449835,65.78185087273383
2022-06-16,137.47285229914738,64.43698239286199
2022-06-17,138.4583483825098,65.44666351122005
2022-06-20,141.3700698918271,65.19188425633911
2022-06-21,141.91089654991572,64.32748527481606
2022-06-22,142.10077136641402,65.74219866423279
2022-06-23,143.4764013416804,66.2128339773772
2022-06-24,144.48245973540696,68.33067769931613
2022-06-27,148.36691396302263,70.08090976710979
2022-06-28,145.97697489559073,68.62747166891938
2022-06-29,146.59906389277998,69.43209676054867
2022-06-30,148.0054213880255,68.53380789491487
2022-07-01,146.0686926457345,67.7049392657802
2022-07-04,144.46848373892794,67.53498956376724
2022-07-05,141.9130750785443,68.8415686260875
2022-07-06,140.917334202993,67.20279709646552
2022-07-07,141.85484583367662,65.09011336174294
2022-07-08,139.46824462888958,61.86454461341187
2022-07-11,140.7633805784641,64.26793872780539
2022-07-12,139.61860146202838,64.56353387539357
2022-07-13,134.93678209367482,64.447297178242
2022-07-14,132.90132241027345,63.90245226508583
2022-07-15,129.46887992194794,64.37989853338928
2022-07-18,130.04802970276737,65.71750456869025
2022-07-19,132.75195958787015,68.73306277624789
2022-07-20,130.8199276088564,68.56295697119546
2022-07-21,131.66197108900693,69.47909152161789
2022-07-22,129.56672882628544,68.37110287955855
2022-07-25,127.00164270285907,67.95150903574377
2022-07-26,128.49681629412146,66.70774061406347
2022-07-27,128.63505052342532,67.67966210103016
2022-07-28,125.91459270040725,67.82384529398915
2022-07-29,123.26308435603724,68.66903237563852
2022-08-01,126.0459079572511,68.33883247996127
2022-08-02,129.330258679788,68.29322747250221
2022-08-03,129.36978777375242,70.96014182408786
2022-08-04,127.79185313013008,73.36023399600047
2022-08-05,130.10403208590046,76.2233700539665
2022-08-08,130.14972073276542,76.62806550139916
2022-08-09,129.8912404535539,77.87073059770341
2022-08-10,128.54585453153987,77.98059432500378
2022-08-11,126.82385461044703,78.52993556685747
2022-08-12,124.45672103934622,78.02679248240374
2022-08-15,123.87454412431202,77.50431470629152
2022-08-16,120.43540261867467,78.31389911887459
2022-08-17,121.93726574816715,76.07298276268149
2022-08-18,124.99718674713947,78.09959349025088
2022-08-19,123.96566345229299,79.58692882269297
2022-08-22,121.24389617120718,79.10961522096059
2022-08-23,122.92250040735915,82.45103603353286
2022-08-24,127.61519418368155,85.6321393934468
2022-08-25,130.2264181055165,84.58827176519245
2022-08-26,128.90366601576017,84.39562149521463
2022-08-29,127.19069793364058,83.01400285961753
2022-08-30,129.81208382628014,79.72983907154232
2022-08-31,127.83049498271515,79.89883613636499
2022-09-01,129.5429057303445,78.69924474322073
2022-09-02,130.0206601982571,77.71170019124264
2022-09-05,130.84432685593674,79.88277474373076
2022-09-06,130.72332828521175,79.4036093173422
2022-09-07,125.13134938612542,79.60159251861563
2022-09-08,130.59779000612156,80.5575606974479
2022-09-09,131.38067141361313,81.47946488394034
2022-09-12,131.9910931039229,81.87665630555003
2022-09-13,130.75323395527633,81.21472224879066
2022-09-14,128.54328408743535,82.1288280852484
2022-09-15,126.46416292675752,83.80740217618063
2022-09-16,126.81561571914351,83.47194928144052
2022-09-19,127.26226816895444,83.79169852936273
2022-09-20,128.7115802835858,83.01106319485007
2022-09-21,127.31440849011013,81.02079187580826
2022-09-22,128.22219182533115,78.25863609815865
2022-09-23,128.39793217099464,78.65727451437282
2022-09-26,127.99186350110921,77.9846332921733
2022-09-27,126.4860129791661,78.8871115610819
2022-09-28,126.40123067681515,77.30320836316312
2022-09-29,122.4593882270867,77.5600050138767
2022-09-30,124.9409551204164,77.81309880150692
2022-10-03,122.99805929842522,78.86753524855737
2022-10-04,123.27928735560099,78.89836837348074
2022-10-05,124.84649240410258,76.65318802775576
2022-10-06,119.15318180283006,75.96445788528423
2022-10-07,115.61162617436989,75.13828236818848
2022-10-10,118.09766909954914,75.77823061924943
2022-10-11,116.3417694678585,76.07989472238657
2022-10-12,113.89101960325658,75.5244276744675
2022-10-13,115.17912589312166,75.72836923659662
2022-10-14,118.76990438307922,74.17599588725007
2022-10-17,122.14532455686853,76.23524409006626
2022-10-18,121.33311925064605,78.7068396062351
2022-10-19,117.90265437434202,77.80777201914958
2022-10-20,117.49734912494772,77.95603989453079
2022-10-21,119.32676166632758,80.04261920181125
2022-10-24,121.31345468451752,79.07260377715366
2022-10-25,119.83186897957923,76.07476071860626
2022-10-26,115.00028034231991,76.6140531143326
2022-10-27,111.06314124110837,75.61431899139049
2022-10-28,111.71720669854884,76.28445329508551
2022-10-31,115.13164314977746,74.26393100346522
2022-11-01,111.2797654412098,72.76279730566752
2022-11-02,109.79465171943441,70.92856332951025
2022-11-03,110.24406868956184,72.17368988834846
2022-11-04,110.68664848242076,71.51290376381631
2022-11-07,107.5938360951756,69.8182787511254
2022-11-08,106.93574162609349,69.93833477465712
2022-11-09,102.80973729416398,72.53570019474654
2022-11-10,101.49850825239383,72.43990850527624
2022-11-11,101.50738970242239,72.40283659612294
2022-11-14,102.10393649972949,73.60039028368732
2022-11-15,104.4728900464748,72.6811941779022
2022-11-16,104.41270781224492,72.44898500224157
2022-11-17,105.01656838575622,74.03328775103897
2022-11-18,104.22038934013649,75.41364353378567
2022-11-21,107.90635114982932,75.19552076254081
2022-11-22,109.72871919681026,75.27514972059875
2022-11-23,108.19446165465281,74.82236377259484
2022-11-24,108.4815494868967,72.94703853208136
2022-11-25,112.08244384299637,73.07400136564456
2022-11-28,113.19966813840206,73.54374512775694
2022-11-29,114.49033707266432,73.93863536038474
2022-11-30,110.79757757694051,74.22089213479737
2022-12-01,111.82456319720681,73.00337491732222
2022-12-02,114.1372950415128,72.38712089363995
2022-12-05,113.72533515235249,70.1589710403696
2022-12-06,114.01655451128019,66.50735105543241
2022-12-07,111.53197932400754,66.81880701737805
2022-12-08,112.86667533326079,65.35178733713107
2022-12-09,113.76147065802502,65.62244678053759
2022-12-12,112.97756031702582,65.53060433037575
2022-12-13,111.9100187146045,65.3276462238243
2022-12-14,111.02075486600489,64.86973034940652
2022-12-15,106.44630927285002,65.91226906803948
2022-12-16,104.09255042977934,66.463427987983
2022-12-19,102.57839702286931,65.44481817919183
2022-12-20,102.76039454348683,62.989546140393394
2022-12-21,102.69034741188703,63.473098584961576
2022-12-22,101.03022057643692,63.66000963285783
2022-12-23,99.24745974740166,62.15079201168074
2022-12-26,100.46375724502481,61.68166706709092
2022-12-27,103.74110460821626,61.41421555060531
2022-12-28,101.64330139883369,60.469636156672955
2022-12-29,102.58519205683578,60.20777796612952
2022-12-30,102.4097054539844,60.83025337913162
2023-01-02,99.85103308475564,60.40739202140758
2023-01-03,99.70102490638851,59.40924594575523
2023-01-04,98.64928353279167,59.72402676700382
2023-01-05,100.09187100401566,60.832213941203506
2023-01-06,100.42753519228967,60.87247597836608
2023-01-09,103.49112761205082,61.112222167975226
2023-01-10,104.45124014617618,59.6314853730363
2023-01-11,104.7298548128907,59.2941482655808
2023-01-12,106.5322304118628,59.184093297107374
2023-01-13,104.65300256332495,60.52548353828022
2023-01-16,104.88318436477968,59.91445948510415
2023-01-17,104.84642240379105,58.55342519078902
2023-01-18,103.22743739946823,59.57814892144972
2023-01-19,104.87417576769775,59.188145592355326
2023-01-20,102.51231444457383,60.09663360824731
2023-01-23,102.58451371226917,62.02123190560906
2023-01-24,103.53625285523604,61.83369322457235
2023-01-25,103.35315991252997,60.63234351386488
2023-01-26,101.65851035102007,60.56375051344867
2023-01-27,102.4200851230342,60.89466264409832
2023-01-30,103.77668949819203,61.32125586116858
2023-01-31,102.9876401826741,59.96877011579957
2023-02-01,104.69372693082215,59.090791497754104
2023-02-02,106.48547946374478,59.187316845694205
2023-02-03,106.83537254536193,56.74628850483898
2023-02-06,108.42044291919224,58.554906507627216
2023-02-07,106.7939575236396,58.283641842902846
2023-02-08,104.36411471604275,61.19044922257817
2023-02-09,104.39148979503268,61.50692679827251
2023-02-10,105.70766541975658,61.157541686187386
2023-02-13,104.00157468409739,57.92869560218043
2023-02-14,107.29711217558379,59.48308087479578
2023-02-15,106.6536073052744,58.88020508393079
2023-02-16,107.84391992635818,58.52829542533241
2023-02-17,109.07556701831776,57.07064473591571
2023-02-20,110.88052336085248,57.730994067543705
2023-02-21,113.61258917411286,57.90083439985823
2023-02-22,113.33669828136972,57.58279338626916
2023-02-23,111.90351137048819,57.26497054246028
2023-02-24,112.41194151544019,57.45523078558335
2023-02-27,110.04634002016331,56.52120695585858
2023-02-28,111.07108661531622,56.76486771594216
2023-03-01,114.00230795740347,56.70050643310679
2023-03-02,114.29991978515321,55.07825868719722
2023-03-03,116.2066770588876,54.81820290330379
2023-03-06,113.33300772474408,56.724954264491004
2023-03-07,113.48278478841989,56.79267467480009
2023-03-08,113.30636064791048,55.152604385891166
2023-03-09,111.50940385370237,54.46910284125865
2023-03-10,111.81606775052035,54.531715005304335
2023-03-13,113.29862960577404,53.23328306509036
2023-03-14,112.88909356466613,51.94222425076042
2023-03-15,115.04746316678984,54.94278780782248
2023-03-16,115.28187857564612,55.50801622823659
2023-03-17,120.1467958312991,54.604541934630156
2023-03-20,121.60686739482007,53.974059034063906
2023-03-21,122.25153646425213,55.214683625312645
2023-03-22,120.35793034707424,55.68209937221179
2023-03-23,120.54343004307782,56.72325961064424
2023-03-24,121.31142412716369,56.52251679805411
2023-03-27,120.89985120545039,56.01252581650479
2023-03-28,120.74456054389017,53.626238796399726
2023-03-29,121.63730383802893,53.585635602947534
2023-03-30,121.49473508704511,54.73564303812047
2023-03-31,123.96712219992641,54.539654153623864
2023-04-03,123.06100817324317,53.55747684596134
2023-04-04,123.71726764349094,55.458534622059055
2023-04-05,121.75822708882144,54.903901812802516
2023-04-06,123.77005886297638,54.97670884838472
2023-04-07,125.98373342920988,53.9770086842091
2023-04-10,122.79298040181965,54.410842302268826
2023-04-11,121.5308208414055,53.608073399234826
2023-04-12,120.08082292667798,54.20960150582525
2023-04-13,122.76313807226806,54.76453371398507
2023-04-14,122.53996445115713,54.62606942826624
2023-04-17,124.02659406326599,54.26621242886205
2023-04-18,124.19106687168994,53.612539085249054
2023-04-19,122.86945612970004,54.47651460847355
2023-04-20,123.73814099336475,55.15508939271946
2023-04-21,123.50928346891968,56.723017945772234
2023-04-24,122.78366340670873,56.13822293027009
2023-04-25,122.20224400068973,56.47060323168114
2023-04-26,118.62053348703657,57.69215353705586
2023-04-27,119.77767272401492,58.05529184910849
2023-04-28,121.10447586820523,57.4320796024948
2023-05-01,122.01773853932932,58.568377549678985
2023-05-02,124.32546391943549,59.71232267216821
2023-05-03,123.44556852557092,59.873860445910644
2023-05-04,125.44818658197805,59.89191010005776
2023-05-05,123.41105665670493,58.56286813056393
2023-05-08,128.11917092780146,58.854063034115065
2023-05-09,125.53442748577748,59.153886632802234
2023-05-10,124.03694842165878,57.6528460947674
2023-05-11,127.47897300885163,57.15991773539228
2023-05-12,128.4602554328366,57.362694863406595
2023-05-15,123.50811886119155,55.951147182304254
2023-05-16,124.01232057911848,54.58220799100519
2023-05-17,128.97429658676475,53.78881006466053
2023-05-18,129.03723011924473,53.83567190221247
2023-05-19,127.1033708558934,53.49584658120514
2023-05-22,126.70091544027575,53.322174216463935
2023-05-23,124.82965079859369,54.89011350391954
2023-05-24,122.822456180775,56.570688989764484
2023-05-25,121.2831421929887,55.96509573356542
2023-05-26,118.6198567856269,57.713257092203264
2023-05-29,117.8946367445211,57.52622254973615
2023-05-30,120.06122869374592,56.34459956650304
2023-05-31,125.57073210651035,56.1425805949727
2023-06-01,127.28340483397078,57.63064004782245
2023-06-02,125.98419752014183,57.101422234738905
2023-06-05,128.8557915082658,58.737429813252525
2023-06-06,124.57867603551126,58.593412913836694
2023-06-07,124.31755501598533,58.58591556277959
2023-06-08,128.33958316622903,58.31090630339186
2023-06-09,127.56841269660477,57.24885704481575
2023-06-12,133.02232614739353,56.37766684736669
2023-06-13,139.62355449561127,55.666470895955115
2023-06-14,141.23665730815625,52.95639516025864
2023-06-15,140.13142754168916,53.035481824073216
2023-06-16,141.24384840885355,51.23264102105429
2023-06-19,141.39753706794613,51.85300944857513
2023-06-20,140.60250372943733,52.053799789104936
2023-06-21,139.68214415604467,51.75791590154753
2023-06-22,141.3685735248254,51.259160998308836
2023-06-23,138.89654390505464,51.099474374732836
2023-06-26,142.15051319010695,50.48988996390725
2023-06-27,139.2281165986041,50.19977049655099
2023-06-28,135.14462563810636,49.96664644586644
2023-06-29,135.57962523892203,50.224299331551705
2023-06-30,134.9907403525092,49.585597763960926
2023-07-03,137.5454476991267,49.63866599625883
2023-07-04,137.69312929510497,47.39397650211624
2023-07-05,139.93157802118787,47.54633096247446
2023-07-06,136.51422401523058,47.8498553361512
2023-07-07,136.43954938435672,47.2863663680682
2023-07-10,138.7564297330802,47.128611386730945
2023-07-11,139.97109169147362,47.69876357098689
2023-07-12,138.3005475835062,46.861456275958076
2023-07-13,141.86507549031256,47.23695390127548
2023-07-14,140.6412601997563,46.00706419338373
2023-07-17,144.71906514418458,47.032201661123075
2023-07-18,149.60065349983336,46.12113413850908
2023-07-19,149.6740063116288,45.51537659273329
2023-07-20,146.39067028060435,44.694378903447216
2023-07-21,149.88153606598146,45.750129830535016
2023-07-24,151.06667749730252,44.1759962183131
2023-07-25,151.86269446449654,43.13201982323056
2023-07-26,149.4342199144231,42.66717665746015
2023-07-27,144.886776140014,44.20165423523987
2023-07-28,144.0498921657167,44.966159874740924
2023-07-31,149.73726847858663,46.23632691095267
2023-08-01,148.02786858244423,47.081811929942
2023-08-02,147.407954018843,48.168511379944064
2023-08-03,147.15983413926944,46.976810864058955
2023-08-04,147.1504620813233,47.08383633356877
2023-08-07,149.7016148368722,47.987762332377336
2023-08-08,154.49388414444047,49.6860905837638
2023-08-09,155.29754998365743,50.01687515606403
2023-08-10,160.48835395050483,48.985240795331904
2023-08-11,156.93561787201966,49.20340989159568
2023-08-14,159.77359077432,48.85959377693835
2023-08-15,159.4760037189664,49.156300906065475
2023-08-16,158.02875547622682,51.08649080559636
2023-08-17,152.39360663798072,52.43078948306156
2023-08-18,150.85495052192525,50.83033168173458
2023-08-21,152.19785712819208,51.15077711210939
2023-08-22,153.601451267112,51.12915802536849
2023-08-23,151.67920663282402,49.823137700934176
2023-08-24,157.65301678807873,50.12067510364224
2023-08-25,160.81666936683644,50.77145694473907
2023-08-28,162.64551298576163,51.06942694990981
2023-08-29,166.9565686633922,49.9209896169472
2023-08-30,172.89768448709373,51.00570950083476
2023-08-31,175.7216748410256,50.36562008984207
2023-09-01,174.0050694353999,51.21051776508844
2023-09-04,172.66147719386092,50.529958566787194
2023-09-05,170.5728076146377,49.52272842862038
2023-09-06,169.20461067738572,48.95954679602596
2023-09-07,174.20919097065212,49.44550740382628
2023-09-08,173.43243910147697,50.878356922084436
2023-09-11,169.96334139844703,51.14631168081532
2023-09-12,171.76611157340858,49.464659467966435
2023-09-13,174.56343653182452,49.57012354194742
2023-09-14,172.5042914292679,51.134173396367856
2023-09-15,173.1848164531915,50.97124053444245
2023-09-18,170.11963058254076,48.93039373177288
2023-09-19,168.60498684357407,49.42143540504088
2023-09-20,169.8718147305544,51.46397868075439
2023-09-21,170.77821318917452,50.45887981668774
2023-09-22,167.05870006658768,52.65470712133501
2023-09-25,163.20750355733165,52.720145484667114
2023-09-26,168.55514175205988,53.08606841102822
2023-09-27,169.4176516124453,53.48461432582789
2023-09-28,176.63115231701266,54.909995442098804
2023-09-29,181.55386934666817,56.06041066323188
2023-10-02,182.03009202843444,56.570362079051236
2023-10-03,182.010654083846,56.04566272890672
2023-10-04,180.0436244210335,57.21327010743275
2023-10-05,177.58195081860262,56.08921798850266
2023-10-06,178.4302163069335,56.35820403365662
2023-10-09,181.56518578099767,55.85793902335126
2023-10-10,182.31946824045934,58.326212661914155
2023-10-11,185.04053891722435,57.88430209339055
2023-10-12,184.29093218869116,58.8858335863479
2023-10-13,185.64408607691232,59.12217867848929
2023-10-16,181.7828218317621,58.00899249996285
2023-10-17,179.5438030626049,57.69586809192824
2023-10-18,176.26675453901916,58.615659373483886
2023-10-19,181.76599108851974,58.67688034689702
2023-10-20,184.90222347007727,59.04862267159733
2023-10-23,173.27470827096317,57.91565198712295
2023-10-24,181.0187245057957,57.54262030313711
2023-10-25,178.78411581458303,58.32665347954013
2023-10-26,178.0561234050382,59.36345823794217
2023-10-27,176.93745216553287,58.74480723438214
2023-10-30,176.48460502257436,60.525985929139445
2023-10-31,175.66966796499216,62.12409885420789
2023-11-01,176.62090688015064,61.52905833877761
2023-11-02,176.00709216054534,60.88932346307217
2023-11-03,170.6826836372627,60.20750102621098
2023-11-06,171.95502627163367,59.222512974042765
2023-11-07,170.76956956170682,59.66092483649456
2023-11-08,167.8849140864444,59.783718482980554
2023-11-09,169.1972626726945,59.30059183979358
2023-11-10,172.74768958275294,59.39963085874622
2023-11-13,176.46595601590673,58.890583796852745
2023-11-14,172.39199289631287,58.663571124139224
2023-11-15,176.3959090811406,57.576298830087126
2023-11-16,171.887670702561,58.837082614247116
2023-11-17,171.45914870518317,57.683862778543016
2023-11-20,172.79743443562842,56.37224325058882
2023-11-21,170.72826421391525,53.59133425068755
2023-11-22,168.18784613489285,54.21130485906581
2023-11-23,168.43946883722384,53.33448381739998
2023-11-24,166.16068869642012,52.21425884890186
2023-11-27,170.09764251197365,52.99583901745037
2023-11-28,168.49078019783985,54.11832485323416
2023-11-29,168.05936214666656,53.84086301883124
2023-11-30,168.0174529781813,54.131321208893944
2023-12-01,167.25851464957665,54.802082419100195
2023-12-04,169.353670077246,54.759891808792446
2023-12-05,170.72195825201752,54.596108789772856
2023-12-06,178.68430669814452,53.45803552715099
2023-12-07,182.59619795734102,54.074757810129924
2023-12-08,183.03436151503792,53.62074539682702
2023-12-11,184.5704605550476,51.446846924134015
2023-12-12,186.53556364220643,52.95212338523226
2023-12-13,183.89456604650144,53.01306317795466
2023-12-14,183.23812943525326,54.116391044228116
2023-12-15,188.2522253646993,55.246739080721305
2023-12-18,185.7475389332765,56.653700117470066
2023-12-19,186.04577489655938,56.12413753738247
2023-12-20,185.46545436183882,55.3367291391075
2023-12-21,184.75167843821293,54.5370151729333
2023-12-22,188.1698891343377,55.901106738164245
2023-12-25,191.2817575963346,54.627222039050984
2023-12-26,190.15852343636433,53.12814370197678
2023-12-27,189.03437002875185,53.74523509532618
2023-12-28,189.78707487545609,53.96796155954342
2023-12-29,192.1620964286037,55.600183736595966
2024-01-01,188.442333065501,55.66256156586055
2024-01-02,187.48813320192005,56.70379808257614
2024-01-03,183.14585233632343,57.314095982937786
2024-01-04,186.93496032526897,55.95260376020186
2024-01-05,186.55579911192854,55.50588291275794
2024-01-08,191.58215695323378,53.97287264288008
2024-01-09,189.08844014769707,54.39819879891825
2024-01-10,188.53997086873707,54.990507464618396
2024-01-11,194.24729165285862,54.75540959569483
2024-01-12,195.10471656344515,54.46864132813744
2024-01-15,193.82717673806118,54.85464509322983
2024-01-16,197.2744630864699,53.16270250926583
2024-01-17,193.72773042601077,52.701465053781604
2024-01-18,192.47491768635751,52.43560490827826
2024-01-19,190.00475632930235,52.51073904213385
2024-01-22,180.90444792844417,51.965312523340444
2024-01-23,179.40102669475039,50.56084462441823
2024-01-24,178.2261867825843,49.47675034695585
2024-01-25,173.68970628135003,49.82557056580559
2024-01-26,175.15250040746295,48.0779043534231
2024-01-29,177.02183855135254,47.44892817558196
2024-01-30,178.9871392746192,45.99714873609427
2024-01-31,179.23875767518612,46.1690265790392
2024-02-01,185.29101045126933,46.23589084724399
2024-02-02,185.3499470966784,46.540263444127675
2024-02-05,183.38703144330265,47.625793106328835
2024-02-06,183.84582072450942,47.405653244667086
2024-02-07,181.6124270525401,46.39697066932424
2024-02-08,179.8519464401365,46.26462792980463
2024-02-09,180.4461901985418,44.729137901038655
2024-02-12,179.73886958956206,42.66539625781114
2024-02-13,183.98963999018176,43.967502129964856
2024-02-14,183.0785388410116,43.3852724261796
2024-02-15,182.63263258804344,43.156985591507066
2024-02-16,184.93427992239623,44.37424536684282
2024-02-19,186.6737932477307,44.724354578337326
2024-02-20,190.4239735654681,44.03311380650415
2024-02-21,181.2713189722676,43.754465615160285
2024-02-22,183.4893773398988,43.28583476764947
2024-02-23,186.20377884105088,42.955120485199565
2024-02-26,188.14222762060524,43.25163186435307
2024-02-27,183.96526919888578,42.732315048271005
2024-02-28,187.34359345038894,42.347927533979046
2024-02-29,187.65579934493027,43.17882065705527
2024-03-01,187.7873430402195,41.52962361654513
2024-03-04,190.60647780168168,40.78929499498579
2024-03-05,187.83660459954154,41.0259982047984
2024-03-06,187.1168779546228,40.91610267986173
2024-03-07,183.86815117830776,41.43212699380548
2024-03-08,178.06103812729347,41.34054501747352
2024-03-11,184.30974184642673,41.850798342441536
2024-03-12,191.27123801072628,41.592960254242044
2024-03-13,199.09749045114432,41.90241099734695
2024-03-14,202.70810367990288,41.88077354836762
2024-03-15,197.5631217543837,42.36806783503824
2024-03-18,197.7994454880505,41.954255245621255
2024-03-19,197.97984356460466,42.47099767599404
2024-03-20,199.81002574058982,42.0979047366922
2024-03-21,196.63218986902427,40.96716961610124
2024-03-22,200.75715084483102,41.37396641992396
2024-03-25,199.29698588492843,41.123739145478645
2024-03-26,199.15512565940148,40.06914265694921
2024-03-27,202.9279232891402,39.82459714902542
2024-03-28,199.16376776661707,39.60888597515631
2024-03-29,205.13043648648264,39.258615293343865
2024-04-01,199.73484996994202,39.08572463313442
2024-04-02,196.85801435562317,40.648031084073935
2024-04-03,199.78861650040852,39.813909839991325
2024-04-04,199.93724490379773,38.3113080154479
2024-04-05,202.37005345048894,37.31841542190072
2024-04-08,195.85341271575317,37.45704905508622
2024-04-09,197.80299450073167,36.50932034370093
2024-04-10,195.0835752398224,35.69474758804992
2024-04-11,195.94799797549166,36.35814450917598
2024-04-12,195.649386600028,35.39142409564987
2024-04-15,192.88176823183002,34.787861718115664
2024-04-16,193.62714150778214,34.45559546656353
2024-04-17,189.909588423035,34.13828123910065
2024-04-18,186.3904548016725,34.39207330093957
2024-04-19,184.2333969460158,34.838426902682656
2024-04-22,183.68803025056013,34.98778744260537
2024-04-23,181.130246091907,34.69790009352964
2024-04-24,180.35457471043915,34.900553358841705
2024-04-25,184.02254799150498,35.072487760302664
2024-04-26,177.7144669127277,35.342116971971805
2024-04-29,176.66722556226122,34.717877625419376
2024-04-30,175.30318529673804,35.33884341254506
2024-05-01,176.40876544472732,35.840299201719915
2024-05-02,174.0498470137078,35.123533527104435
2024-05-03,177.58720344659272,34.906612643059326
2024-05-06,178.75580768276106,34.871045571658044
2024-05-07,174.5008063596398,35.99731169896364
2024-05-08,176.79671381248468,36.08023413843246
2024-05-09,177.7223070928387,36.37668496172812
2024-05-10,178.29321096011114,36.99945532262785
2024-05-13,183.70033535417807,37.13412168175264
2024-05-14,184.22166488098296,37.23021695840158
2024-05-15,181.84666522216156,37.863390443466415
2024-05-16,179.7852967425566,37.454752657098716
2024-05-17,181.5671601518965,36.93611862259912
2024-05-20,187.32588832316463,37.30718265520757
2024-05-21,185.69430933161556,38.20523887809748
2024-05-22,187.21950731157787,38.066909371111706
2024-05-23,182.75706484624922,38.69505424552191
2024-05-24,180.3269033784213,38.62715712125409
2024-05-27,180.39629343639473,40.2456137866036
2024-05-28,179.92896095415944,41.0587576591681
2024-05-29,183.1558058225315,40.341092132208594
2024-05-30,189.11009160587017,40.23297461719413
2024-05-31,184.640971065476,40.93325663587715
2024-06-03,187.0400490553924,39.315514266305385
2024-06-04,186.70666131032965,39.71205663766224
2024-06-05,188.77573264459102,38.93267268704002
2024-06-06,187.0071287445326,38.57994925167031
2024-06-07,184.00722635815143,39.76306847680889
2024-06-10,180.72343050789945,40.016215976643124
2024-06-11,183.64878206802484,40.27529280685907
2024-06-12,188.0924952484092,39.71789202022398
2024-06-13,192.12112848068804,40.588979560785745
2024-06-14,195.19034872030835,40.93710069972425
2024-06-17,194.03533349581005,41.35481377762251
2024-06-18,199.82247604679065,41.69413093534762
2024-06-19,200.19109626653284,41.63869754757567
2024-06-20,200.4165198619703,42.77247701406374
2024-06-21,197.69918701728884,42.479917042299256
2024-06-24,205.98949557523397,42.98792999784377
2024-06-25,212.41753372272782,42.49812852614966
2024-06-26,210.53087563077267,42.305919351652186
2024-06-27,215.11107359302807,43.286980904696
2024-06-28,213.3415908659988,42.24345208650343
2024-07-01,212.21755342386163,41.8148678889814
2024-07-02,216.16617978373586,41.9085625514916
2024-07-03,215.9836408097728,41.58186408214412
2024-07-04,210.73217455899615,41.521451166530824
2024-07-05,208.51809846780068,41.86802554011842
2024-07-08,203.56481370437294,41.89567546493481
2024-07-09,205.38687056961695,42.17035987464562
2024-07-10,197.33939418650564,41.04911114966108
2024-07-11,192.60106634118327,41.66206001322963
2024-07-12,199.45268195967842,42.50263573614366
2024-07-15,199.66104561990633,42.32722506751321
2024-07-16,196.29025073907997,42.747035167790116
2024-07-17,193.57626789061058,43.44803313072042
2024-07-18,193.99071465938985,44.20450453697901
2024-07-19,192.9489556416054,43.395272330240964
2024-07-22,192.54393812404805,45.13475376607146
2024-07-23,189.56364359515496,46.71021011278154
2024-07-24,191.3872087673919,47.311376148289
2024-07-25,190.80247146254413,47.75821488415137
2024-07-26,194.83434420923916,49.1729587637905
2024-07-29,193.32531313670174,49.76516693822009
2024-07-30,190.67099528535377,49.52634039413398
2024-07-31,193.71010527747484,48.297306363262834
2024-08-01,190.0693776162336,47.453787718796455
2024-08-02,191.501916557156,47.09080282916493
2024-08-05,192.98133797322032,46.99059663996613
2024-08-06,190.01155022591715,46.73849134862986
2024-08-07,191.35491794488325,46.04834752416795
2024-08-08,187.41672957306352,44.318172047111084
2024-08-09,187.7280362568934,43.54307266591935
2024-08-12,183.00678436888802,43.238917674877385
2024-08-13,184.4554275833628,42.58895893667812
2024-08-14,186.14008880118845,42.96143005990977
2024-08-15,183.00662261557267,43.02087427793111
2024-08-16,184.68740543311768,44.066799449429226
2024-08-19,175.45932237426777,44.140787322402986
2024-08-20,178.86724703148334,44.44104525786952
2024-08-21,177.6211711883102,44.596018540605
2024-08-22,178.19594954320777,44.10301680758862
2024-08-23,178.30238304264515,42.32674782298742
2024-08-26,173.46086657136271,41.93716918736089
2024-08-27,172.37911066544922,42.086797275607815
2024-08-28,173.37344738087833,41.880443972502725
2024-08-29,169.04155020312515,40.83382321327869
2024-08-30,168.14918909235948,41.3018460996771
2024-09-02,171.2042709934741,42.50404498112647
2024-09-03,168.6652876354112,42.21079589690721
2024-09-04,171.32148513608783,42.479099293587566
2024-09-05,170.10991948848476,42.89798666027295
2024-09-06,170.12669116503272,42.100399925689835
2024-09-09,170.7223423994891,41.84872483202196
2024-09-10,172.1129784067347,41.449595282632465
2024-09-11,169.18802939932448,41.83310215552892
2024-09-12,171.65376723710975,42.03670586471316
2024-09-13,170.62099098238497,41.39708606089075
2024-09-16,167.12627613216847,41.04876253656741
2024-09-17,168.37819775642043,40.83506732714775
2024-09-18,167.45233448516922,40.533588668182915
2024-09-19,169.30970293495082,40.0715979764937
2024-09-20,173.117302086668,39.12204152136965
2024-09-23,169.7509968060301,39.832355272633066
2024-09-24,168.61497453488533,39.73914536205208
2024-09-25,166.18711509327875,39.20617190699549
2024-09-26,166.68214391846877,38.704100126852424
2024-09-27,165.10146787542624,38.63189197526986
2024-09-30,161.28285592252084,39.554563711899135
2024-10-01,159.52138965394792,38.638778211543325
2024-10-02,159.67765974790683,39.10485633893352
2024-10-03,156.4488539191656,39.92964996000298
2024-10-04,151.95253227324076,38.66114053082412
2024-10-07,153.24476604414104,39.92777502019072
2024-10-08,152.7620369121555,40.523754545681015
2024-10-09,150.346720655483,40.53477925620612
2024-10-10,150.06134145913146,40.78556594099989
2024-10-11,150.39970147788432,41.58881501907282
2024-10-14,150.3164238312344,41.42401883666605
2024-10-15,149.52392370238675,41.01416608440095
2024-10-16,150.91208391805796,41.32250094786573
2024-10-17,151.29362147159412,40.84607511757524
2024-10-18,151.87951120993293,41.11462442153504
2024-10-21,149.93076622237612,41.64688578780337
2024-10-22,150.60358713031775,40.61369332452782
2024-10-23,150.45478169281907,39.729811729300486
2024-10-24,150.27999236285865,40.22063164608207
2024-10-25,157.2432104304992,40.52733290871317
2024-10-28,154.9764689166055,40.360812903549295
2024-10-29,157.3640471555451,41.01105318069101
2024-10-30,155.54333483219486,40.45183660878232
2024-10-31,150.97664682443167,39.265057467688116
2024-11-01,151.16126932632125,38.26859611950121
2024-11-04,150.64135837840257,37.52407893112634
2024-11-05,149.01295322034466,37.463816948600225
2024-11-06,146.67568608408143,37.45179629071245
2024-11-07,148.79458851734074,36.34019849829256
2024-11-08,147.098223989365,36.61503312270018
2024-11-11,147.84403650524825,36.62594345186224
2024-11-12,145.02979288073786,36.20635348306967
2024-11-13,149.22605521041413,36.4590768730241
2024-11-14,144.1852102212955,36.22164312681292
2024-11-15,143.59938682745607,36.76444805788414
2024-11-18,146.50779361394487,37.38490954985036
2024-11-19,141.26256682471254,36.988569534039364
2024-11-20,140.8966004151229,37.7439875613369
2024-11-21,142.0588598894521,36.699964859360755
2024-11-22,139.05694180672356,37.315131478519504
2024-11-25,140.43330848416056,37.04243911229205
2024-11-26,139.44240566344288,36.68620636062087
2024-11-27,134.77304461935003,37.69183282258789
2024-11-28,136.72933589946993,37.616663227821476
2024-11-29,139.22712290450582,37.42222193472492
2024-12-02,138.32078589812738,37.300705032362174
2024-12-03,137.09457207779792,36.474543011551596
2024-12-04,138.35181252622962,34.592108195826135
2024-12-05,136.909270034311,33.64392884704445
2024-12-06,137.58573837866828,33.23239864195074
2024-12-09,139.89666278915524,33.0334910335818
2024-12-10,140.47459046663843,33.73068762722003
2024-12-11,140.5028493576308,32.74106692494582
2024-12-12,140.97278446771367,33.905928495252034
2024-12-13,139.7587423869566,33.66346149263215
2024-12-16,135.83412823767694,33.98546908065301
2024-12-17,136.15859414919328,34.46147638464719
2024-12-18,136.67976777606526,34.44625297883929
2024-12-19,132.1902405796488,35.08215401340511
2024-12-20,135.1521374368575,33.987371276406066
2024-12-23,135.16642983310842,33.12515266952723
2024-12-24,135.75345187951632,33.73298855374434
2024-12-25,136.13245725177262,33.46110813121236
2024-12-26,135.46777113025684,33.570511170274784
2024-12-27,132.05124479411393,33.745134052774844
2024-12-30,131.89036657144086,33.362973766886654
2024-12-31,133.70033873843397,33.639637178307815
2025-01-01,129.46641060035296,33.86945755460075
2025-01-02,129.24112675532737,34.08722121622586
2025-01-03,129.1212531202891,32.7589393479163
2025-01-06,131.10407275223872,32.639363443152
2025-01-07,134.81051364551075,32.39467567262652
2025-01-08,136.21954856294124,32.25011679430884
2025-01-09,138.44754419417978,32.79273720087349
2025-01-10,136.71625857369534,33.390758979367504
2025-01-13,139.8251271834704,33.01184977240241
2025-01-14,142.74145541513775,32.778420509022546
2025-01-15,141.24494273205585,32.76225145753936
2025-01-16,142.86921193023096,32.366561176212656
2025-01-17,140.46256392627646,32.919650760258904
2025-01-20,144.0598002968625,32.093532067025436
2025-01-21,138.5409350830513,32.1423672890512
2025-01-22,138.26227466748182,32.16447963918848
2025-01-23,140.71507025500637,32.202368285457496
2025-01-24,141.35647109554225,31.749962751931072
2025-01-27,142.75160326477808,31.816472086886904
2025-01-28,141.93190135189576,31.476427416607432
2025-01-29,140.22329427394672,31.368820998160956
2025-01-30,139.6428044408088,30.908710519689258
2025-01-31,136.7529856215324,29.85320496386582
2025-02-03,141.30836575889427,30.15322732931433
2025-02-04,141.6208905477538,29.722511901429833
2025-02-05,143.66557685798384,28.95900414438283
2025-02-06,142.204085482227,29.412901899989674
2025-02-07,145.60070450627987,28.890752990054715
2025-02-10,146.76466691606913,28.950583170599586
2025-02-11,152.784404076553,28.409867140647332
2025-02-12,150.09650893927713,29.03104400861472
2025-02-13,150.73965635684687,29.663560504905373
2025-02-14,151.43713985488148,28.828761896359396
2025-02-17,148.80104091713898,29.248317986736993
2025-02-18,144.64551638637874,30.302634604473432
2025-02-19,142.9415507671426,30.49226755649503
2025-02-20,148.82392067101532,30.116286274437442
2025-02-21,147.58320654502677,29.230438991165347
2025-02-24,148.5309926309267,29.1954614309824
2025-02-25,146.85622204713707,28.425993110742397
2025-02-26,145.18389418906824,30.07588365764632
2025-02-27,146.86655291200117,30.488464909718537
2025-02-28,148.3940171339808,29.811033736879526
2025-03-03,147.83566804930493,30.660204671322795
2025-03-04,149.82298027827807,30.894867834233008
2025-03-05,146.26348693663707,31.08550220829644
2025-03-06,145.3246526270022,30.94222540749853
2025-03-07,138.6985535157574,31.042073438392688
2025-03-10,135.96928425212036,30.430695198146733
2025-03-11,132.54980802489078,30.16354754646546
2025-03-12,136.23560171109565,29.376066446053688
2025-03-13,135.16697856185067,28.959884963230287
2025-03-14,134.80944800406039,29.30009723624917
2025-03-17,134.12147281185244,29.035629303200604
2025-03-18,139.55728910651302,28.209737489713337
2025-03-19,140.99121248677855,28.22574401916844
2025-03-20,142.852885164472,28.81540394180978
2025-03-21,142.22694458958304,28.21356242407672
2025-03-24,141.37797999560095,28.267481215471733
2025-03-25,142.91990498910909,28.868392127851312
2025-03-26,142.0459104647621,29.423154355589602
2025-03-27,144.11583837672217,30.3645351346105
2025-03-28,145.4654204645021,30.6281685548423
2025-03-31,140.93762095782836,30.539447940745358
2025-04-01,149.62562497822725,30.33294470691064
2025-04-02,149.79571898171992,29.956211859193164
2025-04-03,154.7356163569683,29.73790333610944
2025-04-04,157.73076778540099,30.42866188133552
2025-04-07,158.83321279983372,30.313429658506287
2025-04-08,164.27585741613896,30.225042273387213
2025-04-09,161.80277514243073,29.944983026591075
2025-04-10,155.18371225958043,30.930458256822064
2025-04-11,160.95344888538594,31.043987583664485
2025-04-14,165.12153602808107,30.439712096385346
2025-04-15,169.30413972316705,29.006812727049404
2025-04-16,168.032676412826,29.65475514695382
2025-04-17,169.2452599546176,29.292289845355707
2025-04-18,170.33652731075583,29.752272871312872
2025-04-21,169.1477451179336,29.922505883942343
2025-04-22,170.99337913067245,29.75764308646824
2025-04-23,167.5313569153962,29.159776078038625
2025-04-24,166.91598205024684,28.768733228328742
2025-04-25,163.520025912437,27.953584379951817
2025-04-28,160.16298333677656,27.51699304365061
2025-04-29,157.26002607087494,27.8696065363909
2025-04-30,153.78439146903352,27.274464207144995
2025-05-01,156.5471405696981,26.484676873951223
2025-05-02,157.1097032838824,25.971819165198575
2025-05-05,160.61065194341484,25.74143654452011
2025-05-06,163.56015255659284,25.510968750293934
2025-05-07,161.29344686051633,25.298893776012125
2025-05-08,166.8649649630215,25.2467285039454
2025-05-09,166.3672122286959,25.189237986705255
2025-05-12,167.17673006435578,24.797479285532052
2025-05-13,168.76444175791607,24.605949941597196
2025-05-14,169.46837768392703,25.176901331623537
2025-05-15,164.82931645096778,25.86384738833235
2025-05-16,163.18535549562512,25.563283928381185
2025-05-19,161.06523964439597,25.297740496934694
2025-05-20,157.92322774174633,25.09282767003877
2025-05-21,157.8458283304744,24.890762810978003
2025-05-22,156.29917261710904,24.96419659163152
2025-05-23,153.6874578625528,25.33330186223018
2025-05-26,156.54690289960868,25.753275628550426
2025-05-27,155.65802114169355,26.054727863326256
2025-05-28,153.7919453182023,25.694932861584398
2025-05-29,158.86211455588918,25.979502407703293
2025-05-30,156.53894920337055,25.83997679664064
2025-06-02,158.90949746951472,25.340582740636208
2025-06-03,158.2328293489554,25.76715839995082
2025-06-04,158.24079378139513,26.492911303728327
2025-06-05,164.08275873954787,26.65145129166211
2025-06-06,163.2160184007579,27.633153360991496
2025-06-09,165.49624404728658,27.492237852577343
2025-06-10,169.24880404583865,27.48732948475115
2025-06-11,168.87887783835882,27.760239489146404
2025-06-12,169.73109087142518,27.70595723632394
2025-06-13,171.214563549178,26.640195734317423
2025-06-16,169.53907236527823,25.833283155810616
2025-06-17,172.88789153674094,25.276029586343117
2025-06-18,173.38315426806923,25.757420128199133
2025-06-19,170.48111819010458,24.783229396369038
2025-06-20,171.9106296068958,24.775686839719235
2025-06-23,176.9755757200291,25.407176667444197
2025-06-24,179.5667331025249,25.06682585551753
2025-06-25,173.3736183320191,25.256142311675422
2025-06-26,172.0152395519624,24.519193460456805
2025-06-27,162.31514093061568,24.213407494544647
2025-06-30,163.314633334681,23.736016384153803
2025-07-01,169.97912360698328,23.289566756368753
2025-07-02,171.0476877417033,23.01041323935276
2025-07-03,171.91326939182534,22.98668352798051
2025-07-04,173.0131204973357,23.177580543990516
2025-07-07,173.63833001725766,22.958475518106727
2025-07-08,175.10985299770843,22.704896028309403
2025-07-09,164.26737983361147,22.733112798374346
2025-07-10,166.2150146642715,22.792717088813948
2025-07-11,167.60329141921477,23.50534303989084
2025-07-14,168.8120100304735,23.85412232945724
2025-07-15,168.3034881442546,23.815610168168362
2025-07-16,165.99842485861845,24.1773652606091
2025-07-17,168.50659536596493,24.605675861787102
2025-07-18,168.07064862787124,24.224699374794888
2025-07-21,164.52065184840708,24.24094771886541
2025-07-22,164.4919525418643,24.44153892758568
2025-07-23,163.2930023740958,24.42757575824661
2025-07-24,169.86857354614128,23.69087194547108
2025-07-25,164.27603286139964,23.338588451226187
2025-07-28,166.6639008921747,23.05412326711518
2025-07-29,172.59427003672755,22.696182839701766
2025-07-30,165.03127179038682,22.55180184971986
2025-07-31,167.8066395586998,22.309533415526257
2025-08-01,163.21759147664883,22.30839900086246
2025-08-04,164.63758722455816,22.127857590824398
2025-08-05,167.2011228872244,22.380919457299886
2025-08-06,165.5871422610031,22.56551302932126
2025-08-07,163.56064594550972,21.569280769400343
2025-08-08,159.8693529685422,21.600970205532196
2025-08-11,157.18445110410974,21.271599879375973
2025-08-12,153.03123080763604,21.54610934485265
2025-08-13,155.23377159144417,21.85171681552063
2025-08-14,157.0381572588013,21.71501268766774
2025-08-15,160.28294321241026,22.0310381167475
2025-08-18,164.20179746421607,21.562429746211425
2025-08-19,165.06686143041884,21.621991377725376
2025-08-20,168.19118010010473,21.527137284336042
2025-08-21,170.43335707475967,21.42568498105557
2025-08-22,170.05583457106,21.027047646999378
2025-08-25,166.1558135681294,20.518553688373807
2025-08-26,163.91351436524693,20.674665593218197
2025-08-27,160.9695682542947,21.199097595670064
2025-08-28,163.46870451507846,21.147507411138065
2025-08-29,160.6158795058296,20.82070667173943
2025-09-01,164.36836264007835,20.850178384928892
2025-09-02,161.11550151689622,20.99279279893413
2025-09-03,162.9532649479029,21.549385595976585
2025-09-04,160.72039981600142,21.644899237731487
2025-09-05,162.07492931313732,21.62688571543281
2025-09-08,160.23553491091656,21.44126345753221
2025-09-09,158.83002086635892,21.909892276558885
2025-09-10,162.08302794680344,22.178389080351412
2025-09-11,159.32163699729168,22.816980438069056
2025-09-12,157.6326434506934,22.54602948436595
2025-09-15,154.12693848987124,22.37792398276061
2025-09-16,157.9905623847266,21.9116154176225
2025-09-17,152.0578692764146,21.632920629764367
2025-09-18,155.3525983203464,21.48692640678849
2025-09-19,154.38433871478435,21.54537489028919
2025-09-22,153.34904799242523,21.701438156470264
2025-09-23,154.7261447581906,21.619876292122896
2025-09-24,157.4736718937782,22.225655769483478
2025-09-25,157.00205698637276,21.803920269392755
2025-09-26,155.4691104997497,21.918131073004464
2025-09-29,159.10021368674728,22.11065841014436
2025-09-30,158.296601506356,21.740036819267004
2025-10-01,159.8568057680368,21.412711731317827
2025-10-02,161.21475218271942,21.69497421840604
2025-10-03,157.9514046249725,21.726179826784783
2025-10-06,159.04703985710867,21.479569568448582
2025-10-07,156.52950982049396,21.48703839675096
2025-10-08,160.05903706456309,21.59312969508383
2025-10-09,155.59789588891894,21.707240993561808
2025-10-10,151.06050237649708,21.76596681603223
2025-10-13,151.2886101659864,22.35784956787117
2025-10-14,150.92945874012975,22.813215861923414
2025-10-15,148.3242895977133,22.745177712930925
2025-10-16,148.70800538663346,22.74263127908764
2025-10-17,145.1188608576933,22.971488352917657
2025-10-20,140.1561906737251,22.312313949368697
2025-10-21,137.876104456356,22.820556987011138
2025-10-22,138.39739455213115,22.826627100575436
2025-10-23,137.92803906817522,22.757649773559894
2025-10-24,143.05394755457888,22.521017164766693
2025-10-27,142.66140447645762,22.757331187300743
2025-10-28,141.28707213591122,22.443709530482366
2025-10-29,137.44875974187997,22.397097020862056
2025-10-30,137.41196963446436,21.988511543931484
2025-10-31,133.8500323113687,21.602714751416542
2025-11-03,131.11452516187205,21.670699170668257
2025-11-04,127.70200197349337,21.54205221997789
2025-11-05,127.76097044617048,21.365034133490262
2025-11-06,129.6634215442902,21.498979982370695
2025-11-07,126.94306223638358,20.761777113477304
2025-11-10,127.1394833404971,21.01586775827959
2025-11-11,129.41253244043563,21.006083310154334
2025-11-12,132.76015596163037,20.324023873110434
2025-11-13,131.29675012333342,20.213608971962554
2025-11-14,131.61068229348342,19.683745110891714
2025-11-17,131.85953167331874,19.42444809705898
2025-11-18,129.84948755013068,20.141428582850814
2025-11-19,131.67677474173075,20.826868084208375
2025-11-20,128.8642594080108,21.029149507451734
2025-11-21,126.52524238982026,20.979899650030116
2025-11-24,126.81550651862332,20.616161000700476
2025-11-25,126.74301254986054,20.541029853527505
2025-11-26,127.49035135065267,20.80653868820713
2025-11-27,124.68444720315475,21.270950174026616
2025-11-28,122.63115665293161,21.411218207578393
2025-12-01,117.13650007099959,21.084220543497704
2025-12-02,117.90132449514266,20.368387075781843
2025-12-03,118.65457426457506,19.87477311233795
2025-12-04,115.75154216846144,19.696640706577835
2025-12-05,113.84727214255356,19.258052541314115
2025-12-08,114.13834928353326,19.39430882376419
2025-12-09,111.97179275668367,19.484255462021295
2025-12-10,113.44548655164601,19.880985201424437
2025-12-11,110.2949374980906,20.150665272558633
2025-12-12,110.67568280674995,20.045948665714647
2025-12-15,113.26316421306144,19.90043052228507
2025-12-16,113.17349612952931,19.76839600018174
2025-12-17,109.997003734465,19.267900985701342
2025-12-18,110.75276452331764,18.70899659477157
2025-12-19,113.09605048719402,18.837658579972178
2025-12-22,110.52382481220606,18.65227114996307
2025-12-23,112.35013962909575,18.270393804668515
2025-12-24,112.01231616838191,18.392948875672054
2025-12-25,114.93980230123793,18.355398425809007
2025-12-26,114.93423210853891,18.05446105757605
2025-12-29,115.01261733496018,18.06757880906374
2025-12-30,113.85877922611112,18.266735785533992
2025-12-31,115.53796663734902,17.570196725347895
2026-01-01,120.00700232439951,17.838117486743013
2026-01-02,122.02979905845706,17.815908361817375
2026-01-05,120.07717454375808,17.6033163248203
2026-01-06,116.90987773196342,17.274466761323506
2026-01-07,117.9659124075093,17.446994026354183
2026-01-08,117.58598119984013,17.55634213644336
2026-01-09,115.19751506631242,17.408337363533935
2026-01-12,112.68947411607616,18.02726278067648
2026-01-13,114.78449411423206,18.28928198132064
2026-01-14,114.15324378124798,17.68210262352895
2026-01-15,113.73338161320427,18.562732951001404
2026-01-16,111.83038020978337,18.28485263908029
2026-01-19,111.64399738979607,18.606515741715466
2026-01-20,110.44704658702938,18.42393669289982
2026-01-21,111.98418463589417,18.911984859656307
2026-01-22,113.7672946228825,18.160115510239677
2026-01-23,113.51947333535205,18.23814869999421
2026-01-26,113.8733390642241,17.982133894722942
2026-01-27,114.34965838202271,17.634852127979826
2026-01-28,111.1027912225411,17.853026890970416
2026-01-29,109.007412104553,17.849960324656383
2026-01-30,110.9201884739548,17.571577210441745
2026-02-02,110.15579578473155,18.17882576343745
2026-02-03,110.23752172688084,18.48329102241621
2026-02-04,111.19679692026625,18.46571652146263
2026-02-05,110.35805793353128,18.36138850694741
2026-02-06,109.81422344957264,19.02408230505433
2026-02-09,106.6554102301003,18.845339692159147
2026-02-10,106.88911318814365,18.575336087545192
2026-02-11,102.94156231589446,18.60332545724949
2026-02-12,100.02536483074707,18.3994189025978
2026-02-13,101.48209133527952,19.080325058131287
2026-02-16,102.68739488992398,19.19383712236064
2026-02-17,102.3394740663911,18.587593684533218
2026-02-18,102.8671967237281,18.12452223987134
2026-02-19,104.31644389166965,17.851013135903102
2026-02-20,103.74560651576365,17.401168508698923
2026-02-23,106.25001677989734,17.087975673717935
2026-02-24,106.9175063477543,17.31778151848271
2026-02-25,105.81772645331904,17.506040105438377
2026-02-26,104.44900237205881,17.126781298807987
2026-02-27,104.41782979358345,16.952711806039275
2026-03-02,106.30792349760503,17.026083547301507
2026-03-03,106.76651719990527,16.684426718908924
2026-03-04,106.36225588333299,16.229112631647993
2026-03-05,105.54678491371037,15.609491195294714
2026-03-06,106.78597632434561,15.39751816408724
2026-03-09,105.27541806730028,15.507124931676783
2026-03-10,105.15235188268244,15.51004602175608
2026-03-11,102.65890580103243,15.243369313121121
2026-03-12,104.69853837770617,15.13981160107713
2026-03-13,106.30126709360125,15.014979565296002
2026-03-16,104.2119453137876,15.285303826284446
2026-03-17,102.55322959799675,15.427764540101338
2026-03-18,101.19215951083412,15.209207583405359
2026-03-19,103.24985305425048,14.969663692131348
2026-03-20,104.1384615663798,15.01798892551399
2026-03-23,103.45256605677027,14.688815612277423
2026-03-24,105.01319590026372,14.916389245987153
2026-03-25,102.52901465786992,14.267133080081887
2026-03-26,107.10731945644278,14.094809151323243
2026-03-27,108.6234663072883,14.199306893024714
2026-03-30,112.1348029177615,13.968445754260033
2026-03-31,113.37779608315772,13.97094428255015
2026-04-01,113.83331496854692,14.11575666751165
2026-04-02,113.29565083128766,14.251183059807508
2026-04-03,111.43163497254199,14.247710561484661
2026-04-06,110.67636341256258,14.477529383763244
2026-04-07,108.83529419990118,14.195849900489563
2026-04-08,107.7677285339955,14.073203321299992
2026-04-09,106.80092855265985,14.174492194465346
2026-04-10,106.79027312428823,14.013227494967403
2026-04-13,106.12060181905115,14.123008012895605
2026-04-14,107.58319021311222,14.176605379497126
2026-04-15,110.65575375868195,14.608463485408862
2026-04-16,111.70951001565194,14.057002691198772
2026-04-17,107.4313613264045,14.41308667069572
2026-04-20,106.2752428558193,14.19729249767656
2026-04-21,104.26617574286918,14.353662291460385
2026-04-22,102.88464663461174,14.6235990924558
2026-04-23,106.22366248955342,14.957841191839401
2026-04-24,104.5107693166496,15.039420313538013
2026-04-27,103.98408435590811,15.097027702287402
2026-04-28,102.98357659144084,14.911033249640413
2026-04-29,100.5573759765233,14.668648950601026
2026-04-30,101.44043641671409,14.777365364195305
2026-05-01,99.01620618914025,15.078265392252518
2026-05-04,101.21850658412754,15.176967045945656
2026-05-05,102.09569213398366,15.148233362455818
2026-05-06,99.71250563418133,15.005707098686145
2026-05-07,97.3898080550315,15.06286235337105
2026-05-08,95.38332661372093,14.993634329752304
2026-05-11,94.74697291445766,15.042999977352482
2026-05-12,94.47082414935456,14.978788803506765
2026-05-13,92.94101438250917,15.080588157881733
2026-05-14,93.50554710319123,15.46098179485306
2026-05-15,91.53588832677994,15.707357519798057
2026-05-18,94.48311752399727,16.08153589785923
2026-05-19,95.04334653820223,16.106533253260096
2026-05-20,96.22179566286859,16.360370907174566
2026-05-21,93.6371834071003,16.10213809765614
2026-05-22,93.92438571741747,15.72323315093668
2026-05-25,93.19268449971567,15.524341087607848
2026-05-26,95.08490677504197,15.869510240249433
2026-05-27,94.76908890437736,15.94642997702597
2026-05-28,95.805228133831,15.806267549526872
2026-05-29,94.833488955155,15.33271105855495
2026-06-01,96.39778839385922,14.875243312144736
2026-06-02,94.12766966614937,14.960127074196736
2026-06-03,94.69605568110335,14.573523884451006
2026-06-04,92.85365928929204,14.3913766169801
2026-06-05,89.42594091358251,14.502390403183465
2026-06-08,91.06725679804106,14.504146014003632
2026-06-09,93.07577862417615,14.835654429803185
2026-06-10,92.13406428104449,14.713283912337035
2026-06-11,94.26162695260491,14.337464938722183
2026-06-12,89.3453657826506,14.567997954216388
2026-06-15,89.10045695776614,14.219870705143748
2026-06-16,89.08899888166827,14.569118513264215
2026-06-17,90.82096675706468,14.834806320780332
2026-06-18,87.13872637322969,14.813451162575685
2026-06-19,84.76966306292718,14.592173196337205
2026-06-22,85.56928205298698,14.578961284923642
2026-06-23,84.7635985264365,14.677911231722234
2026-06-24,84.88855674377488,14.905367828485621
2026-06-25,85.52433478905826,14.748975203323237
2026-06-26,84.70938277195894,14.608207986541633
2026-06-29,85.63463243844105,15.245528064056602
2026-06-30,85.24487063680421,14.761051009084298
2026-07-01,86.64464314920706,14.627220335966417
2026-07-02,85.41698331048983,14.830070628807324
2026-07-03,86.61941559765134,14.784515801234182
2026-07-06,86.46831235392185,14.638278475691175
2026-07-07,84.90010105705927,14.790427096809447
2026-07-08,85.04719209135023,14.283991885947156
2026-07-09,84.26165368026957,13.98546692176626
2026-07-10,85.54375976255098,13.904471560945508
2026-07-13,84.64907331535265,13.724698817545674
2026-07-14,86.2564896470007,13.31268708016845
2026-07-15,85.45362510091078,13.418313039577153
2026-07-16,86.18302721853125,13.2690129554565
2026-07-17,84.90596685237448,13.56407899967092
2026-07-20,86.15406623421849,13.114610964039558
2026-07-21,84.88989967869738,13.41426279159986
2026-07-22,86.11583727899882,12.759419902744575
2026-07-23,87.41903350060618,12.757679235259186
2026-07-24,86.57220549995277,12.749517642749922
2026-07-27,85.39302866069359,12.71990859275002
2026-07-28,83.44633850510729,13.049130964871264
2026-07-29,82.31038301695615,12.549677636810014
2026-07-30,83.41758020775313,12.434491432359197
2026-07-31,80.54400365018769,12.050761010424301
2026-08-03,81.46954247436615,12.178456553903166
2026-08-04,80.15039445372527,11.809496218231608
2026-08-05,82.32415156954337,12.110959970818278
2026-08-06,83.50842251999849,11.944099928505523
2026-08-07,84.77873815155998,11.660425823595805
2026-08-10,83.21750767650367,12.030646058689781
2026-08-11,82.62837510875296,12.107664642967395
2026-08-12,84.14420296658838,12.501665868982395
2026-08-13,81.02409116237348,12.86360319505324
2026-08-14,81.68581338172969,12.619134154433334
2026-08-17,80.5447677541524,12.995323284001161
2026-08-18,77.63408896742489,13.406799237679035
2026-08-19,79.61968810068775,13.33695519271871
2026-08-20,78.64880143398405,13.123065209565087
2026-08-21,78.40782690758925,12.7667002930755
2026-08-24,79.0278412266768,12.847431132029891
2026-08-25,80.25495800358344,12.827632507796944
2026-08-26,78.73349063047162,13.048525050650678
2026-08-27,77.67694637024577,13.233076037877126
2026-08-28,77.20957698295695,13.222512899651498
2026-08-31,78.37103802890766,12.789927534461862
