Date,0669.HK,2285.HK
2015-01-01,59.604789354689196,84.68624660937566
2015-01-02,59.98892498905903,87.08095679278792
2015-01-05,58.05661011286871,84.15355629065886
2015-01-06,57.93430407251319,84.87653141209643
2015-01-07,56.07460911293068,87.16483251712914
2015-01-08,55.90413619204141,89.2782428336207
2015-01-09,56.00065040185627,89.50473766951073
2015-01-12,55.565017483849466,88.09574911942693
2015-01-13,55.90823767432391,87.08645093747731
2015-01-14,53.604816714627404,87.05655950152095
2015-01-15,55.03135153042999,88.59701806120279
2015-01-16,56.44354480711994,84.42427905318758
2015-01-19,55.72197974872895,83.20465999486242
2015-01-20,55.576948188254605,83.7427782621349
2015-01-21,55.73777931874636,83.24651120613295
2015-01-22,56.58353547178573,83.47071884273755
2015-01-23,57.255778877588426,82.84796466219127
2015-01-26,58.02130076664038,82.88383563428765
2015-01-27,57.67412961762444,82.44216648786887
2015-01-28,57.39899625570959,83.75931182300089
2015-01-29,58.80410152410439,82.30543776320378
2015-01-30,61.16938102941222,84.5773860756334
2015-02-02,62.78716970509156,85.36636199083188
2015-02-03,61.67611706376984,82.10068169903198
2015-02-04,61.123193465982354,82.77070143487511
2015-02-05,61.223145863700566,81.95225617689121
2015-02-06,61.72214036996433,80.75455169433769
2015-02-09,61.100406707212386,81.24208808006162
2015-02-10,61.792066651629575,80.06814320221171
2015-02-11,60.512552891079,80.53213302041873
2015-02-12,59.90205684170873,80.32778236079943
2015-02-13,58.878595979742926,81.732461951442
2015-02-16,59.88598464685458,81.5327344186638
2015-02-17,59.946133373185546,81.27296954892981
2015-02-18,60.68886169531468,78.84006510607757
2015-02-19,62.31191582558745,77.87976933698879
2015-02-20,61.93354540735823,75.51152666124881
2015-02-23,62.202885440402504,75.28164392923253
2015-02-24,62.68695796082389,74.9778215403397
2015-02-25,63.6370148292058,74.23406845406879
2015-02-26,61.574742793307784,73.97800003993672
2015-02-27,62.71483312284698,74.60683466961872
2015-03-02,62.36789146063011,74.1211927511846
2015-03-03,61.909312116018135,70.22335527105595
2015-03-04,61.183889465660826,69.90763869669844
2015-03-05,60.5120168740282,71.97217072234885
2015-03-06,60.724743317756655,71.18145485854478
2015-03-09,59.787749394007776,70.96968793235838
2015-03-10,58.64991698718695,68.84318448505181
2015-03-11,58.28385784563233,68.50612184375878
2015-03-12,57.02018990285082,67.43164861702584
2015-03-13,56.879401969167844,68.08524324569791
2015-03-16,55.16959599954567,70.03225243158899
2015-03-17,56.0077553935729,68.90807223389244
2015-03-18,56.82856603751616,68.42710835410544
2015-03-19,56.636266140985306,67.38788416779981
2015-03-20,57.78360533033721,69.38599896400423
2015-03-23,57.59444381997948,68.64488128812553
2015-03-24,57.07889721349033,67.90524336779224
2015-03-25,57.472883289757696,68.21338971513752
2015-03-26,59.25848495991942,69.2152689099082
2015-03-27,58.64400691251551,72.10183815148335
2015-03-30,59.52075122263109,71.31517693228047
2015-03-31,60.12501309989179,71.73944610640798
2015-04-01,61.89828807122774,72.03134901430293
2015-04-02,59.95420958437188,73.39360585431928
2015-04-03,58.60997820627726,72.06139106611458
2015-04-06,58.4083036092763,73.20693854539392
2015-04-07,59.49974855943868,73.39019622141957
2015-04-08,61.54515333734528,74.34371866737906
2015-04-09,61.43418856106227,74.94467683396132
2015-04-10,62.126464458129,74.09655356779099
2015-04-13,62.140274039070164,72.04733259044791
2015-04-14,58.98726691287388,72.21068093603444
2015-04-15,59.939874643898314,71.407773964993
2015-04-16,60.06899787719424,71.58431140063759
2015-04-17,59.65225075092602,73.33408055249224
2015-04-20,59.98741336498337,71.75008027301685
2015-04-21,63.13588660850503,69.69612544744707
2015-04-22,63.220327058393785,69.05376972963344
2015-04-23,63.1683389855704,69.16920947020824
2015-04-24,62.14935420926196,68.27629583093416
2015-04-27,63.90355398238415,68.18263126718759
2015-04-28,64.00136564186937,69.56945220422388
2015-04-29,65.30868932443175,71.2710036260941
2015-04-30,64.85023598342646,71.64780045827291
2015-05-01,63.83397634597717,74.58150980273547
2015-05-04,65.06225423766455,77.1767430001382
2015-05-05,63.88535093610858,77.78095198313085
2015-05-06,64.47202196506329,76.65264980321888
2015-05-07,62.4684230340102,74.61698339212826
2015-05-08,61.50586983693577,74.58976283586443
2015-05-11,60.470834746452084,72.40528847687793
2015-05-12,60.35829187807331,73.75445939532601
2015-05-13,58.52873002872357,75.23600795021903
2015-05-14,56.995559759133506,75.270585736226
2015-05-15,58.11068457908751,73.72859420560481
2015-05-18,57.85676540806917,72.99088812276
2015-05-19,58.281944957139096,72.95587048700318
2015-05-20,59.07098622418474,70.45115652404652
2015-05-21,58.43433904449405,72.74811578129298
2015-05-22,60.53788478368243,73.08916181395084
2015-05-25,60.64513606731145,71.09727604203076
2015-05-26,60.425634877018254,68.2976820122388
2015-05-27,58.53239259078066,68.9352600790193
2015-05-28,59.24935682830171,67.5933799020157
2015-05-29,58.78086709119295,69.45628058562562
2015-06-01,56.083712535281016,69.19950550718481
2015-06-02,54.830269882006036,68.77553694831681
2015-06-03,55.519288059704756,69.1745457893892
2015-06-04,57.882510473976325,71.29516625242432
2015-06-05,59.30646833122322,71.61656315841141
2015-06-08,57.35379819642615,72.52387372374301
2015-06-09,58.63222936777871,75.71052540530252
2015-06-10,58.56819212254371,75.82778097540304
2015-06-11,60.14876489040921,76.32444200463819
2015-06-12,59.972208477457485,78.14845950654549
2015-06-15,60.641870771861846,76.8167790834096
2015-06-16,58.65647568422992,77.09858405000868
2015-06-17,59.745858865791064,77.65047758116735
2015-06-18,62.62110862448097,79.6137917239131
2015-06-19,62.9189942665339,80.16333596707938
2015-06-22,64.99210816707843,79.77876956914294
2015-06-23,65.8391532500179,78.0489986343385
2015-06-24,66.53517117503604,79.39184340313516
2015-06-25,65.81496972686972,82.41610817566567
2015-06-26,66.60205960336316,82.16579546573304
2015-06-29,65.50684453953083,83.77284838596914
2015-06-30,66.6195659878587,82.30662381532873
2015-07-01,68.10611036414447,83.36747808752752
2015-07-02,68.53045162345282,81.43972773620497
2015-07-03,66.93516830808542,81.39628705109024
2015-07-06,68.28493938049638,81.76171808105728
2015-07-07,71.29407336947087,80.5586373993006
2015-07-08,71.86554111645847,79.01773368874207
2015-07-09,73.13641862635755,79.9492177493405
2015-07-10,73.06761244236755,78.86444098812156
2015-07-13,73.4541090200146,77.81158003111061
2015-07-14,73.36928911831768,78.72303523915105
2015-07-15,73.76636271037496,78.52309276076473
2015-07-16,72.98651282167891,78.95086354070673
2015-07-17,72.14680873746796,78.99440027125591
2015-07-20,71.52870424201602,76.17607900682145
2015-07-21,69.67168280113329,77.8162267446687
2015-07-22,69.29098880318239,79.638554741203
2015-07-23,67.51482279340854,80.72557109686787
2015-07-24,68.29444446361126,81.28667745092837
2015-07-27,65.86034623461907,81.59635724210011
2015-07-28,65.7725987293322,82.1597679115365
2015-07-29,65.83170235178584,85.26473587345681
2015-07-30,66.26719797184366,84.31350705099092
2015-07-31,66.44982109696899,84.60568562472588
2015-08-03,66.75064594288018,85.49994205290523
2015-08-04,66.08226391891519,87.35323264138162
2015-08-05,62.46643938402878,85.86877467257186
2015-08-06,64.09770867524632,87.40545293952079
2015-08-07,65.08772486767857,87.3683492180512
2015-08-10,64.75002943399168,86.63647964175111
2015-08-11,65.90866985760843,86.91663075762236
2015-08-12,65.5214973235275,87.284093250328
2015-08-13,66.7253701722077,88.72361778101566
2015-08-14,64.49648131805081,89.59915692516014
2015-08-17,65.36961966558587,89.00112838862604
2015-08-18,65.55596588809816,87.40977812401482
2015-08-19,66.44061021488996,85.36017582675719
2015-08-20,65.42071938505869,87.92545386879891
2015-08-21,66.19389176745287,84.28110828421266
2015-08-24,65.70458850127946,88.1694125926365
2015-08-25,66.73763472643328,87.7177042188663
2015-08-26,66.32372369651064,85.86951643088318
2015-08-27,65.46972669596744,85.9609558191208
2015-08-28,66.43905958483828,85.66896074602634
2015-08-31,67.06694646522482,86.65430476108737
2015-09-01,66.90847755470622,88.49106408576289
2015-09-02,66.28393405854357,89.77673421708468
2015-09-03,66.8692265607863,90.59315667885613
2015-09-04,65.61192241067101,89.59364128312782
2015-09-07,66.54216474264172,87.54173357417416
2015-09-08,67.98444513234418,88.56370611899465
2015-09-09,66.80665959910719,87.9566989506295
2015-09-10,67.59546770016522,90.76473153515657
2015-09-11,67.53365752192929,88.44412148251843
2015-09-14,67.7080900399115,88.56373264406426
2015-09-15,65.68463217233352,87.33857581536218
2015-09-16,65.22705319424608,87.5632614853997
2015-09-17,66.16233777969245,87.78930094298175
2015-09-18,68.04002333583716,88.57216580735155
2015-09-21,68.652362788924,89.40118408590288
2015-09-22,68.17597981867924,89.41129055455562
2015-09-23,68.90699584027283,90.98963735888383
2015-09-24,67.90560523690264,90.06765473093238
2015-09-25,69.98371311341978,91.85181136932233
2015-09-28,72.79988733279215,91.70559629595219
2015-09-29,72.05392347980339,93.84872645414212
2015-09-30,72.29680790964157,93.18761967880315
2015-10-01,71.04825180889158,91.61004881592865
2015-10-02,72.73054326256562,90.01378652629201
2015-10-05,74.78435026999674,89.11968919371202
2015-10-06,76.81762962528009,91.07556028530797
2015-10-07,78.1239914791264,90.87460854546372
2015-10-08,78.89725688376046,90.1629298922997
2015-10-09,80.12896626094384,88.24009227062201
2015-10-12,80.06436678443357,88.92875025597496
2015-10-13,78.23454683026534,90.95871657979892
2015-10-14,77.14927315342993,91.68292793713628
2015-10-15,74.82866477673274,90.13519980613155
2015-10-16,76.06726492183716,88.2099544588365
2015-10-19,75.11325190493028,87.3691990771837
2015-10-20,75.32265261630747,85.30256636358959
2015-10-21,77.04221099885368,88.98714586723823
2015-10-22,76.43133507718274,88.56296461516192
2015-10-23,75.08161054538806,88.70821929174699
2015-10-26,74.07018930486072,89.32735570404581
2015-10-27,71.88942089696017,89.21846136426875
2015-10-28,71.92719572482642,90.92099118681051
2015-10-29,71.81871533045083,89.94288691482703
2015-10-30,72.75615183789841,90.75609640939302
2015-11-02,74.21017791214962,91.20738226116869
2015-11-03,72.7328072324452,90.15084321457229
2015-11-04,73.13257638940618,92.7222814527599
2015-11-05,70.96870978914919,91.52754855975674
2015-11-06,72.21646252324358,90.96682401737242
2015-11-09,72.38374289111346,91.08156872743321
2015-11-10,72.7500298112748,91.43380911330313
2015-11-11,73.3539753078001,93.03375636213798
2015-11-12,75.4908633123241,94.88214283811982
2015-11-13,73.98938885266395,95.09824384692796
2015-11-16,75.91131309279127,91.35446971497352
2015-11-17,75.77708384943388,90.8091871044556
2015-11-18,74.65072831432587,90.48041555955703
2015-11-19,74.1776429701203,91.73813314737686
2015-11-20,75.31002254455511,91.3726999618049
2015-11-23,77.15047690371614,92.11618046226977
2015-11-24,74.76751007903847,91.49598818668439
2015-11-25,74.36698984898311,91.05498368059821
2015-11-26,73.45206716017866,91.24618178197147
2015-11-27,73.37857480590934,91.0468432938028
2015-11-30,74.02824977920572,92.7034663401552
2015-12-01,72.53615218109904,91.36525802734675
2015-12-02,73.67313503955917,89.7326867352348
2015-12-03,70.3331586299454,88.72353795705928
2015-12-04,69.70373350440792,87.89516204785394
2015-12-07,72.05878593715208,85.9633600650768
2015-12-08,72.04907206417423,88.55738597924488
2015-12-09,71.4919232861926,88.37509044200127
2015-12-10,71.63966956150914,88.24368513631039
2015-12-11,74.0029689451264,90.58958575098555
2015-12-14,73.22322146718946,90.18157167947368
2015-12-15,71.54886593581001,90.62402512781682
2015-12-16,72.12688920436538,90.15273959488995
2015-12-17,69.07551074320833,90.92989948548322
2015-12-18,67.11010321296249,90.47243818161175
2015-12-21,65.91063041953392,85.76774135527656
2015-12-22,66.62303312636536,86.14819996986935
2015-12-23,66.70804172693838,86.34766260948781
2015-12-24,65.05512559653802,86.23706011985375
2015-12-25,65.74217417704257,86.59235678011822
2015-12-28,65.33865167755029,85.9215133698339
2015-12-29,64.42567450778414,84.21999610168336
2015-12-30,66.22335862475583,86.90292714335541
2015-12-31,67.1086190891857,85.34201334845808
2016-01-01,66.28070081419793,84.97810405327002
2016-01-04,67.3203557172937,83.5889317931433
2016-01-05,66.12071699347979,84.32477992599871
2016-01-06,67.89713206336643,85.11159008636574
2016-01-07,66.40326003308867,84.85159029025218
2016-01-08,64.72156215622985,84.785375453155
2016-01-11,64.63171232594676,84.65455470082796
2016-01-12,64.47259786828657,84.7123335360246
2016-01-13,65.88144323319156,83.33046811558765
2016-01-14,66.59584877304724,81.39897106056141
2016-01-15,67.22402388311211,81.21065994524504
2016-01-18,66.4573253132234,81.92778943285666
2016-01-19,65.10022772699809,78.24735813448524
2016-01-20,64.4063465095726,77.57593550528667
2016-01-21,65.18432241699173,77.4494290758894
2016-01-22,65.76628581077972,77.08319130500979
2016-01-25,66.36089038725522,77.50632140552939
2016-01-26,66.47548687004765,77.26240266120026
2016-01-27,65.60469231461418,75.2041500475046
2016-01-28,64.03357040768608,75.30572319867461
2016-01-29,64.18650121328189,78.95655109275258
2016-02-01,63.639580581521635,79.57906088211378
2016-02-02,63.5028082469922,78.64470741072188
2016-02-03,61.82884462579849,79.20889256393531
2016-02-04,62.41539576073514,77.5638172313922
2016-02-05,62.34224933011879,76.69270291165597
2016-02-08,61.63791562152245,78.12235369776549
2016-02-09,62.20716168254021,77.59861651204908
2016-02-10,61.65746297366034,76.52479071934454
2016-02-11,60.93676116071984,74.8388962652113
2016-02-12,60.34454547706167,74.33576748317311
2016-02-15,59.881120237804474,73.15307093447356
2016-02-16,61.809137777566,72.4065476575726
2016-02-17,61.40339548214483,71.52826224189673
2016-02-18,61.8377138454012,70.91384035125706
2016-02-19,62.20077567107854,71.23627236536892
2016-02-22,62.598927522325056,70.37557302131317
2016-02-23,63.31494683572723,69.45789999166442
2016-02-24,62.916467885565304,68.46908562626307
2016-02-25,61.51078003155545,69.78610759528844
2016-02-26,61.36112054104691,69.18132015314335
2016-02-29,60.73722749244426,68.45223952397767
2016-03-01,61.988385615988136,68.90253487142301
2016-03-02,61.9242077733685,68.02459156867509
2016-03-03,61.93519278599022,67.80408573876235
2016-03-04,62.44074087027612,68.61303465588652
2016-03-07,61.55133388028486,67.18807640101988
2016-03-08,59.93255545810984,66.21738812350065
2016-03-09,59.232755214310735,66.75784039157529
2016-03-10,62.417210791007506,66.6926237864951
2016-03-11,63.54027852459862,66.08622945618113
2016-03-14,64.26905541398965,66.29812465173401
2016-03-15,64.51850229930052,66.21459353219917
2016-03-16,64.79433649071169,65.62935786320917
2016-03-17,63.901764070868616,66.0909783585233
2016-03-18,63.98951826523982,64.63168960624141
2016-03-21,65.81775821133738,64.9076895132063
2016-03-22,65.72676560117986,65.73233587480607
2016-03-23,66.19383336603431,64.79367431747166
2016-03-24,68.5240548176691,65.28246228828618
2016-03-25,68.77050900423855,61.67100099244944
2016-03-28,67.81146745949003,63.19757871615497
2016-03-29,65.84186632695291,62.84873091502676
2016-03-30,67.1030192724961,62.79342998719261
2016-03-31,66.42927022917664,63.74802945412035
2016-04-01,66.70390230027928,64.2202773142073
2016-04-04,65.63500125644386,63.47578514794356
2016-04-05,65.54786057315324,61.89414329686766
2016-04-06,66.40924070819288,60.606847828720426
2016-04-07,69.40731443764452,61.42930096870249
2016-04-08,68.50077153413676,60.401073892437466
2016-04-11,66.99657985110727,60.44255983215592
2016-04-12,68.63661956429424,59.706596570852746
2016-04-13,67.73450679918916,61.53783340557392
2016-04-14,67.51697257011833,61.62256500735935
2016-04-15,67.05803386983465,64.03820140768362
2016-04-18,64.88989484682587,62.585958563957924
2016-04-19,63.540355520261585,62.28536132374528
2016-04-20,63.55739290386399,62.997260916419464
2016-04-21,63.39943504165318,63.37923757808182
2016-04-22,63.287207331021634,63.87147372902983
2016-04-25,61.71120119738513,62.57078627652
2016-04-26,62.341693667559674,62.2646811532263
2016-04-27,62.982755953153465,62.01385274733304
2016-04-28,64.80855561368456,62.200502261907545
2016-04-29,64.06762387348415,61.618184879145225
2016-05-02,66.3430640750554,62.89985141664614
2016-05-03,66.31268401671633,62.51418532570795
2016-05-04,64.82511525854844,62.21429493046512
2016-05-05,66.13084795565686,61.11311861152033
2016-05-06,66.41248265348118,61.132182951091174
2016-05-09,65.42836239719551,61.7228502451734
2016-05-10,66.35209007614354,63.78632289286201
2016-05-11,66.59442093795829,63.728366998565114
2016-05-12,67.92083574271462,62.74203698181075
2016-05-13,69.73160946662483,63.65328069862119
2016-05-16,71.1426242915425,62.203773057481534
2016-05-17,72.67550950957565,62.55916403197241
2016-05-18,71.97453307849815,61.21486801885197
2016-05-19,72.76907735879323,61.51611645364747
2016-05-20,71.89299025009068,61.62928524904987
2016-05-23,72.0306640439032,62.66104738071774
2016-05-24,69.34140932719745,63.17280104615624
2016-05-25,69.82245493857926,62.88632501057662
2016-05-26,69.30457750493028,63.57819409333198
2016-05-27,69.07859138161291,64.68380411550498
2016-05-30,68.92270403148551,64.76082110519218
2016-05-31,67.37941816048489,66.72273089006598
2016-06-01,68.5938901383225,66.40706934312071
2016-06-02,67.7285287584718,67.54912922052819
2016-06-03,69.05204443893066,67.07986855867269
2016-06-06,70.30228193564545,66.07511341141834
2016-06-07,70.21577468942117,63.46259036814316
2016-06-08,71.09615595235331,61.25340081828299
2016-06-09,72.98604069963758,59.584519959992676
2016-06-10,70.77885625784357,58.170061509682355
2016-06-13,70.01833060910205,57.31844661139472
2016-06-14,70.73118442078416,57.448365153997294
2016-06-15,71.13393269352572,58.04323835247599
2016-06-16,71.77437427999686,60.85307306626995
2016-06-17,71.38595822752623,61.93189116037266
2016-06-20,71.39881273258052,62.961380728524176
2016-06-21,71.78277607145797,63.342538396408685
2016-06-22,72.99904742622233,64.70634164994013
2016-06-23,72.73013666944107,63.900919991811
2016-06-24,72.69067547945338,65.13163009967447
2016-06-27,73.73052211618277,64.17870464989902
2016-06-28,73.7590940109273,64.15429143583454
2016-06-29,75.60412428409097,66.21708359980113
2016-06-30,75.56851633976899,65.10442452257449
2016-07-01,74.16070191297743,64.59270862793595
2016-07-04,73.36980172099834,65.02859525574839
2016-07-05,73.75444871333069,65.42865242720403
2016-07-06,74.02678500728001,66.90128494246662
2016-07-07,72.84937912591454,66.55433113053503
2016-07-08,72.94870550123682,68.27343192794612
2016-07-11,74.11142995511102,67.68550004374426
2016-07-12,75.13713229097903,66.31451278949342
2016-07-13,73.75161909658269,66.40902757684752
2016-07-14,75.57114425741138,65.31873137812399
2016-07-15,75.55967414544037,65.79837280771098
2016-07-18,75.83096093370825,67.65064538015925
2016-07-19,75.53204044737774,67.25002604827365
2016-07-20,76.45116357917146,67.39143474815619
2016-07-21,74.79284235645068,68.97378909653341
2016-07-22,74.21378341859085,69.47691008419669
2016-07-25,75.6203802042971,69.06024958411889
2016-07-26,74.97041429155807,67.48933404924807
2016-07-27,74.88205503196983,67.20726295091602
2016-07-28,75.91035787642699,67.41612911406563
2016-07-29,75.8281315406326,67.4269732647682
2016-08-01,77.80828717672058,66.29640651006085
2016-08-02,77.54272945687657,66.65500417812869
2016-08-03,79.38429975951378,65.44125555581175
2016-08-04,77.35745678123375,65.35590839425133
2016-08-05,77.3143519951755,65.1236104933351
2016-08-08,77.91833582027728,65.37576854950257
2016-08-09,77.14133106951026,64.39349852387569
2016-08-10,77.85365107403096,63.826491654673035
2016-08-11,79.30095923476802,61.90782376842087
2016-08-12,79.53693976838595,64.24997716312993
2016-08-15,79.57609865338625,67.05511935187847
2016-08-16,77.29277671385161,65.8205164038164
2016-08-17,78.33506999529378,67.16823056441763
2016-08-18,78.9603995438446,66.49890486540649
2016-08-19,81.14643131059975,65.77278280028803
2016-08-22,84.12487175985981,65.23271334458062
2016-08-23,83.37867686895835,65.42564503075262
2016-08-24,80.17681924229592,67.23901756537822
2016-08-25,80.43680061191911,66.90096381618848
2016-08-26,81.7051066293657,67.46775331653176
2016-08-29,84.20684497705038,68.05289557668613
2016-08-30,82.06840436571338,67.03870353913366
2016-08-31,81.16234211802885,67.06661014106751
2016-09-01,80.3834821031707,65.28323240608673
2016-09-02,81.3389957881414,67.93996947239867
2016-09-05,83.77054908539168,67.94785473489365
2016-09-06,82.45018587000006,67.59203399334449
2016-09-07,79.51462707125111,65.71199833714397
2016-09-08,76.89110140655892,65.34930778756384
2016-09-09,76.39039527330779,66.18116038295942
2016-09-12,73.89005797224414,65.76584785646476
2016-09-13,72.29089329465157,67.07263864580804
2016-09-14,72.6534085317125,66.1057649333054
2016-09-15,72.69068268870011,67.87902364404921
2016-09-16,71.99499989103978,68.21860240393012
2016-09-19,72.92553307294652,68.20300964365799
2016-09-20,72.16830914187896,67.77777270048368
2016-09-21,71.06606243134375,66.68988479475003
2016-09-22,71.68991093924963,66.01310801296643
2016-09-23,72.03910488471661,63.78811752765728
2016-09-26,74.10900862584052,65.13965739703934
2016-09-27,72.2965809248791,64.2360102776284
2016-09-28,74.97584380012306,66.87154779336217
2016-09-29,73.79749367863572,66.84583054075333
2016-09-30,74.37618564470124,65.8742395070898
2016-10-03,76.55161738900217,66.15319240168641
2016-10-04,75.30492656735528,64.15299365218799
2016-10-05,76.61896430128162,63.957720707213866
2016-10-06,75.88290516988812,65.74283265162933
2016-10-07,76.55021902890199,64.47008742503499
2016-10-10,77.39716761680621,62.143603344262615
2016-10-11,77.77810741968172,63.17299578828768
2016-10-12,76.62603897805495,60.770139429780045
2016-10-13,78.23004535904606,60.76529023861023
2016-10-14,77.01536839774798,62.90655462968894
2016-10-17,75.71128072909951,62.08060486214365
2016-10-18,74.83109345735406,62.33743042005597
2016-10-19,74.89142697496237,62.81144334101525
2016-10-20,74.36053075031045,62.149265797801796
2016-10-21,76.27452685777249,61.57440284030107
2016-10-24,77.10768119557638,62.801506040304155
2016-10-25,75.90141865466906,63.09424727288148
2016-10-26,73.97359894239341,61.357281447196996
2016-10-27,75.76968387561745,61.62524482595132
2016-10-28,74.81954340580482,63.026992047427946
2016-10-31,72.41335370953594,65.70648836512824
2016-11-01,72.82103597378028,63.210903195956824
2016-11-02,72.06774081729046,63.81717681972243
2016-11-03,71.35402095239725,64.62169661167141
2016-11-04,73.78633665628068,65.63560965224983
2016-11-07,72.17847862193288,65.74169916908778
2016-11-08,73.10132044563998,67.13130294071154
2016-11-09,74.46579913422411,66.1762061178723
2016-11-10,75.1163683830555,66.27539135888733
2016-11-11,75.0494104318207,66.00358448536933
2016-11-14,75.7878989340468,65.54249018333536
2016-11-15,76.75031513764401,63.640143096244046
2016-11-16,76.51013943413169,62.677585902804594
2016-11-17,77.44384508946078,61.71184827870081
2016-11-18,75.71271361262272,62.565503043014566
2016-11-21,77.35960384067069,62.911353343918876
2016-11-22,76.87533909595278,65.75792174233455
2016-11-23,74.66209915856507,64.14553853260263
2016-11-24,75.82589159781288,63.340654269077945
2016-11-25,74.83073411524754,65.03122675636881
2016-11-28,73.32358494502566,63.88211402969504
2016-11-29,72.82251031927447,65.60714211646545
2016-11-30,71.45988482480404,67.85884160227903
2016-12-01,71.24737897845769,68.4440613386092
2016-12-02,71.44084933219713,70.0569877910794
2016-12-05,69.80182405072793,68.71898166000385
2016-12-06,69.73777664077019,68.37827889080998
2016-12-07,72.01892413560242,69.70430639923899
2016-12-08,71.52064703326722,69.39958580290774
2016-12-09,70.23507237029827,69.8465383549807
2016-12-12,70.14597501104615,70.06028820274699
2016-12-13,72.76167901604279,70.33799500629604
2016-12-14,72.90739031599706,70.59888118116473
2016-12-15,72.2794472318736,69.30997139691392
2016-12-16,71.1239672676943,70.22138823261069
2016-12-19,71.40093038965433,69.03705597976082
2016-12-20,73.50069977783095,69.07811287993803
2016-12-21,73.48982612112002,69.76436908325185
2016-12-22,74.81762313326595,70.41080927409872
2016-12-23,72.05071430376863,71.38777454372054
2016-12-26,70.85779891571909,70.46459294529171
2016-12-27,69.11955512041149,71.62671159659057
2016-12-28,69.01073379574886,71.54795195652481
2016-12-29,67.3424753349445,72.07176155313424
2016-12-30,68.33973483821508,72.40914861900998
2017-01-02,66.75091504702458,73.22285147329534
2017-01-03,65.41474418918808,71.55489959287387
2017-01-04,66.03039694298869,70.82032490783097
2017-01-05,65.2447964006249,71.47182894923493
2017-01-06,63.59425090071681,71.3958027652457
2017-01-09,64.49653027642297,69.42053645826473
2017-01-10,63.22062124709148,70.77563396588903
2017-01-11,63.76792857613588,72.42530983006355
2017-01-12,63.932556236372356,70.24598669694173
2017-01-13,61.61791343960803,70.81064384422824
2017-01-16,62.89528100329139,69.91482468528692
2017-01-17,61.875869117341054,68.99978447711541
2017-01-18,61.30901370070767,69.7686116112319
2017-01-19,61.79276660456094,72.92959862792273
2017-01-20,61.69463434258261,71.51362213194663
2017-01-23,63.429105285947735,71.4469756426637
2017-01-24,62.74506819301477,72.7223489354511
2017-01-25,61.76810762770582,73.91922282261781
2017-01-26,62.52242167588494,72.93579841809273
2017-01-27,62.52092159358361,73.21488184652951
2017-01-30,61.96890954190371,72.11642962174118
2017-01-31,60.88005064303067,73.21330552943611
2017-02-01,61.883443486413576,71.4172182741423
2017-02-02,63.97749535587441,71.45801474013336
2017-02-03,64.61041188061293,70.29802119711289
2017-02-06,63.75581964350059,71.71213184571486
2017-02-07,62.70464985491418,69.72558352595084
2017-02-08,63.33074160220292,70.5974411671621
2017-02-09,63.46428701964801,70.45826162828968
2017-02-10,64.33015421403559,70.10127962037286
2017-02-13,62.946368387553655,70.20772099171388
2017-02-14,62.53356936427676,70.93366136686274
2017-02-15,63.70644743033488,72.8182324034573
2017-02-16,63.11975267043848,73.4800864782128
2017-02-17,63.411598585423086,74.6143113719915
2017-02-20,62.34319405127171,76.80074467708077
2017-02-21,61.57285406020734,78.0343323103159
2017-02-22,59.95466522392442,78.03520396195526
2017-02-23,60.974890039711504,78.90728579952106
2017-02-24,61.796334027543665,79.42380996363283
2017-02-27,62.247217976978305,80.61632849782143
2017-02-28,64.0346957144481,83.2151035030054
2017-03-01,62.61429631785407,85.92793306732297
2017-03-02,61.5359778106778,83.98704045393112
2017-03-03,62.92673715972927,87.05131677628354
2017-03-06,62.49873638713474,88.53969013852942
2017-03-07,60.287608368966126,88.21487333186721
2017-03-08,61.22819535585449,88.13245713547144
2017-03-09,61.703269388269575,87.36024083685574
2017-03-10,62.176080388547604,83.59679654229704
2017-03-13,63.82724804402444,82.08677633017827
2017-03-14,63.803437069506984,81.98948289084464
2017-03-15,63.451240690633824,83.36493681418361
2017-03-16,63.4795944761626,80.94326649270049
2017-03-17,62.519900172198525,80.99500991805898
2017-03-20,60.451299628163156,79.88247208366779
2017-03-21,59.570771536811186,79.10693823292105
2017-03-22,60.995730274695745,81.2416974587993
2017-03-23,59.82923304711879,78.13340743087815
2017-03-24,60.114177599798005,78.71289067486765
2017-03-27,60.31318667305721,78.42418377199154
2017-03-28,58.55069028240441,81.22158204936524
2017-03-29,59.967302103618536,81.32683622086856
2017-03-30,59.36063549793225,79.33278441446593
2017-03-31,58.07436758563414,80.67631493646802
2017-04-03,57.189637113032404,81.5431484813029
2017-04-04,56.83294991692658,80.50744291116939
2017-04-05,55.53296197897141,80.91047363643413
2017-04-06,53.6286132934285,79.90256233907743
2017-04-07,52.34798220987203,81.70658396651262
2017-04-10,51.73552213703477,78.40945935310148
2017-04-11,50.03579839950046,76.63469844488095
2017-04-12,50.49007019889225,78.37788654434779
2017-04-13,50.57128541103936,79.8211477817657
2017-04-14,50.020178431844535,79.01212382440853
2017-04-17,48.63625000222542,80.46910664961378
2017-04-18,50.31722091282664,81.81795616788801
2017-04-19,51.13989669447697,80.41771650172579
2017-04-20,49.91228087983574,81.3744664395321
2017-04-21,50.080769243086664,79.28246429206881
2017-04-24,49.3275300364447,79.28249236408004
2017-04-25,48.28095961791478,79.92384251204702
2017-04-26,47.44196540838769,81.16762548543373
2017-04-27,48.37830280529533,79.9993976828282
2017-04-28,48.64839253325361,79.95996621960717
2017-05-01,48.96387846400762,81.04844906532246
2017-05-02,48.954793536443816,82.04957179327418
2017-05-03,48.70665381049817,80.40374473129879
2017-05-04,47.19627926530515,79.6950023639039
2017-05-05,47.731805351139066,79.97016932799126
2017-05-08,48.8540475542787,80.66168558621389
2017-05-09,48.87480288424007,81.05639261516383
2017-05-10,49.318108811199025,78.14248145516532
2017-05-11,47.908380331464414,79.41856558142767
2017-05-12,48.4038081636991,78.71412994593445
2017-05-15,48.33475753875858,76.60437875687789
2017-05-16,48.060440964269425,76.72486167555495
2017-05-17,49.73004343488372,75.31093953944438
2017-05-18,52.028501941616284,73.1840257495585
2017-05-19,52.8032404514907,74.22122493283173
2017-05-22,53.74078553556001,73.21115004378063
2017-05-23,54.7541877839961,73.1876162526659
2017-05-24,54.3155453092152,73.70336320076949
2017-05-25,55.4591266746895,71.59848961646682
2017-05-26,57.041764348308206,70.24618292608126
2017-05-29,57.57300666771576,67.9873290762019
2017-05-30,57.403296594054225,69.0332815484395
2017-05-31,56.2482416159039,68.65204489585504
2017-06-01,55.87388793563525,68.65367903300928
2017-06-02,57.68736517095393,70.34677706151705
2017-06-05,58.17402635695063,70.36840206107598
2017-06-06,58.732662286546216,72.95788540483194
2017-06-07,58.423367174930746,72.46069137472891
2017-06-08,58.01112568840192,72.11391593806417
2017-06-09,55.86449643928033,72.49160053630858
2017-06-12,52.44617113511346,73.33929962399756
2017-06-13,53.96698502111968,70.91060397157496
2017-06-14,53.876594839732995,68.40029285663887
2017-06-15,54.63284757183454,67.81522925107616
2017-06-16,55.108255527390874,66.49523521566346
2017-06-19,55.38353001849244,66.36487387647028
2017-06-20,54.43562717817992,64.92948677490281
2017-06-21,53.49476241425695,63.599959255499854
2017-06-22,54.00307142202152,62.91990342963748
2017-06-23,52.87696393237644,62.203613465029875
2017-06-26,54.0363503814236,60.46830709262536
2017-06-27,55.12355362695802,60.410256862617345
2017-06-28,55.299140400949696,59.05212091584144
2017-06-29,55.78936561032291,59.33459965374892
2017-06-30,56.22677585585435,56.80299691038646
2017-07-03,56.69989658094645,56.91859109729092
2017-07-04,55.96052377878211,57.70870446422071
2017-07-05,56.90685259774793,56.49132556904729
2017-07-06,57.76199216183082,57.90859280211104
2017-07-07,58.64079566170441,57.755829610842994
2017-07-10,56.93424419355071,57.9295604861663
2017-07-11,58.00227822374506,58.76119273287527
2017-07-12,57.881404118065845,57.49185592947778
2017-07-13,57.74119000532026,57.60346534803491
2017-07-14,58.44226787515535,58.370532643763624
2017-07-17,59.46273287064579,57.11078602478691
2017-07-18,61.49122787427748,58.13433221488065
2017-07-19,62.8570212303744,59.6135252895827
2017-07-20,62.86945102345991,57.74081428598267
2017-07-21,62.378149118747636,57.40681161528967
2017-07-24,62.51908067682641,56.50107997457765
2017-07-25,62.229965326370184,56.57630689585555
2017-07-26,64.19065680385624,57.814466575481475
2017-07-27,64.26802523299376,57.81938955033612
2017-07-28,65.07461412678822,58.161237481534165
2017-07-31,63.98411419482321,58.473427633651994
2017-08-01,64.59374395684026,58.477056148361044
2017-08-02,64.798284125826,59.03113562413938
2017-08-03,65.94927153048634,59.24867211892908
2017-08-04,65.441506964039,57.93998912602105
2017-08-07,64.53371168362361,58.260677795619834
2017-08-08,61.99761239283528,59.13230465303406
2017-08-09,62.37690452342983,57.55547195577969
2017-08-10,63.157998063684595,56.04314941027069
2017-08-11,63.12107117615189,55.72944985393056
2017-08-14,64.52903023559175,55.62209485855423
2017-08-15,64.26570596137385,57.02974439162659
2017-08-16,62.59037861058115,56.86961602933906
2017-08-17,62.18517734761038,56.10828100437799
2017-08-18,63.438111072935776,55.088799813631944
2017-08-21,64.89568103382632,53.59554260361739
2017-08-22,65.24928211273678,52.82106938138987
2017-08-23,64.64008014509933,51.67445960365766
2017-08-24,65.81359566629632,53.17962449544128
2017-08-25,67.2202949195814,53.19237233749292
2017-08-28,67.56661154964026,54.15635070172281
2017-08-29,66.53523731831764,53.78227471464357
2017-08-30,67.15761804816987,52.160054084240834
2017-08-31,65.67978668360759,51.642524565205264
2017-09-01,67.36890949790417,51.27777422368756
2017-09-04,67.86240702982113,51.544418642618524
2017-09-05,67.99143891165652,51.58018832468138
2017-09-06,68.65856799694083,53.260876768272716
2017-09-07,67.99579020961372,53.445616694951724
2017-09-08,67.00894696158956,54.85772202832309
2017-09-11,66.93531821518935,55.13063042237096
2017-09-12,65.99783528815793,55.8347600148693
2017-09-13,67.96190688264215,54.6427140240552
2017-09-14,67.81462437710269,54.10219739411088
2017-09-15,65.85833253030972,54.84295006782215
2017-09-18,66.99784524285401,54.6083086878623
2017-09-19,68.08662295500086,56.25236734228969
2017-09-20,67.42063001510766,56.716234119177514
2017-09-21,67.0872366572755,56.08373603271744
2017-09-22,68.34567373374307,57.09631538953821
2017-09-25,67.51545719428067,58.36701021641918
2017-09-26,68.64647642651711,57.59203754185447
2017-09-27,69.23391901751353,59.29456455432398
2017-09-28,69.68594439486505,58.504606047993256
2017-09-29,68.09595570632754,57.199244949885646
2017-10-02,68.51005247759426,57.55334391697627
2017-10-03,68.75578552759804,54.915915243547424
2017-10-04,67.29667554149684,55.502977635188344
2017-10-05,67.79810525919879,56.834171525185035
2017-10-06,64.5538444548027,55.38152733268764
2017-10-09,64.78625029257178,55.90259605753289
2017-10-10,65.60885746304847,56.06621858623521
2017-10-11,65.06827433067411,57.26143591740852
2017-10-12,65.7421172191968,58.06173136216531
2017-10-13,65.40574512938076,59.16747279211842
2017-10-16,63.97346891005951,59.98352236628319
2017-10-17,62.894634883224995,58.99724514921554
2017-10-18,62.107712640613094,57.046373616244196
2017-10-19,64.64558454203429,56.134826744744984
2017-10-20,64.7184976150871,56.572739341982995
2017-10-23,64.61055600281766,57.39127556848922
2017-10-24,64.28467520732494,57.27213450651517
2017-10-25,65.08031430369675,55.621347547023106
2017-10-26,63.62193554024952,56.4474370377081
2017-10-27,61.58815948933827,55.56413580796251
2017-10-30,63.3294757671261,56.979038769131975
2017-10-31,64.34397710897237,57.018188260305315
2017-11-01,64.49343924538283,56.98789362065146
2017-11-02,66.69616675003783,57.826835108435375
2017-11-03,65.88387515250224,58.007024205442036
2017-11-06,67.60877131964703,58.56183839750691
2017-11-07,67.50188936350078,57.79783770009043
2017-11-08,69.57332094480763,55.771635624552694
2017-11-09,68.85301517986723,55.19667736029083
2017-11-10,70.74939437282323,55.3097994304276
2017-11-13,69.7815212688671,54.04832989132578
2017-11-14,68.68353935904678,54.74354325260593
2017-11-15,67.6334047339951,55.61029713540149
2017-11-16,71.6296842774071,55.971659191682
2017-11-17,72.06688166464569,53.85116296960866
2017-11-20,72.79119078801543,54.817259257990145
2017-11-21,72.85506492879958,55.61633895759464
2017-11-22,71.608464642715,54.51797373879569
2017-11-23,69.15434204667343,53.78406058682034
2017-11-24,69.50731129052988,54.562539347218156
2017-11-27,70.31658275079245,54.44986103001921
2017-11-28,70.20716830430918,54.27687911431387
2017-11-29,71.85868242221028,54.223598562679165
2017-11-30,70.94359458652823,53.22226991950165
2017-12-01,70.59081759597328,53.1473220388724
2017-12-04,70.38812945539578,53.06261398068164
2017-12-05,68.44540036356833,52.40448495441522
2017-12-06,68.0045913862761,52.02163283028324
2017-12-07,68.28656285125726,52.433319208625456
2017-12-08,67.67283071927076,54.650972437682825
2017-12-11,67.35633351216889,55.10827266985488
2017-12-12,67.18652126408057,55.19296733268253
2017-12-13,67.5085636912782,54.63015015567217
2017-12-14,68.50942015991497,56.691672023656125
2017-12-15,68.21932905283423,54.64560627070614
2017-12-18,66.33522342777954,53.40412637134049
2017-12-19,65.43184850881094,52.2615996071774
2017-12-20,64.97179900906849,53.235566680290404
2017-12-21,64.76498116994202,50.973139380649265
2017-12-22,64.08322378962927,50.025837728939216
2017-12-25,64.48023470105399,51.376168087182414
2017-12-26,63.97307796112119,52.825539134255735
2017-12-27,63.78409885134176,50.485862177546984
2017-12-28,63.03066983037819,49.98099003717969
2017-12-29,62.130279840392305,50.914743654838325
2018-01-01,64.08506078236242,50.40938262234443
2018-01-02,64.79755974690207,51.65761327742425
2018-01-03,63.123088903079626,52.47919499571881
2018-01-04,65.12759411863746,52.603960227052596
2018-01-05,65.30567758319472,53.152309305256416
2018-01-08,63.83718572414519,52.700404595740764
2018-01-09,63.149504777583324,53.10623682381011
2018-01-10,63.13980154978482,52.36300429970923
2018-01-11,62.85350541534588,52.17872724902662
2018-01-12,63.91397767921482,51.722096299245145
2018-01-15,64.5367110823699,51.46082154254811
2018-01-16,66.69844861763501,52.33120924671866
2018-01-17,65.39067826519099,50.5181924600079
2018-01-18,65.95148897356673,50.75063343585899
2018-01-19,64.38016308860807,50.84184714887741
2018-01-22,64.62890788565804,51.36802705561988
2018-01-23,63.863575958998,52.44992878473821
2018-01-24,62.54941417787818,53.44556190168873
2018-01-25,61.929043357987275,53.08918312631174
2018-01-26,62.41223612437197,52.63773872441882
2018-01-29,62.93253021138723,52.63258363501014
2018-01-30,63.73866669328156,53.28072858696702
2018-01-31,64.4677290657611,53.00662851972142
2018-02-01,63.66349904163752,54.0127166241981
2018-02-02,64.85048919012868,52.66650068193001
2018-02-05,65.8399270793419,52.31646324677531
2018-02-06,66.12277489023631,51.15656615902559
2018-02-07,65.65789998959764,50.16773898115414
2018-02-08,65.96812329969383,50.599866149798515
2018-02-09,65.61423661762541,48.477930182297165
2018-02-12,65.80493362540098,47.759231314584476
2018-02-13,66.13534067919429,48.441763884277066
2018-02-14,67.95232487932653,49.45837004114391
2018-02-15,67.42817251848773,47.93702163691016
2018-02-16,67.19506308242637,48.9504713062383
2018-02-19,65.77381251139754,48.65390035648274
2018-02-20,64.33028140945478,48.3937329616085
2018-02-21,63.01489198184537,48.529684772211354
2018-02-22,63.45713575333056,47.46433719981903
2018-02-23,62.56954684542665,46.497193198313724
2018-02-26,62.22461059736461,45.69690855493981
2018-02-27,63.24670471795092,43.893954492643175
2018-02-28,65.18609602798966,41.65351541478206
2018-03-01,65.11711046575249,41.75731022669827
2018-03-02,65.25726504483816,41.393008121376646
2018-03-05,66.77831873758124,41.07172647392253
2018-03-06,65.86528588141113,40.500368984604556
2018-03-07,63.675873745412154,39.199776468573674
2018-03-08,63.984873307823456,38.84772550286754
2018-03-09,63.48950485736064,38.71846012432097
2018-03-12,62.597858529026844,38.84995904939087
2018-03-13,62.68146522894048,38.44236195845798
2018-03-14,62.97728924035477,38.79910147060791
2018-03-15,63.434297766782585,38.057469069839094
2018-03-16,63.08746904379674,38.52934448863426
2018-03-19,64.283410299596,39.33489468062259
2018-03-20,64.35523386845284,39.22406358727734
2018-03-21,64.01854847426083,39.38906630197539
2018-03-22,63.64541772077471,37.80040972129576
2018-03-23,63.897150086620734,37.861619103323875
2018-03-26,64.80358607290657,36.872146744118986
2018-03-27,64.69954092402673,37.75921312004511
2018-03-28,64.93952487897657,37.69731112809112
2018-03-29,63.62326496550612,38.267256852643456
2018-03-30,64.84361397318786,37.41836239163112
2018-04-02,64.48042842224173,38.04752797094113
2018-04-03,64.87723153636449,37.45547651860652
2018-04-04,65.43584608105331,37.72483172842446
2018-04-05,64.44503518842049,38.94092034350529
2018-04-06,66.18184563985233,39.22436908200932
2018-04-09,65.04964182548339,40.14601659717483
2018-04-10,67.38096708047424,39.86593145463521
2018-04-11,66.47233858437471,41.47551920634959
2018-04-12,63.42303058674935,40.52855245593918
2018-04-13,65.12816947136761,39.35390973491651
2018-04-16,63.06776291757325,39.12272576156157
2018-04-17,64.89695719665181,39.38203499396186
2018-04-18,64.51961461502931,40.01643101929925
2018-04-19,66.34858149399338,39.8629356062813
2018-04-20,65.7211355063551,39.9408065602416
2018-04-23,65.64943272851427,40.389793592681734
2018-04-24,64.64353885801609,39.29414782899865
2018-04-25,63.314321902170725,39.17644649643342
2018-04-26,62.20533249949655,38.8242554279262
2018-04-27,62.513215747255565,39.528271268194906
2018-04-30,63.78566188477608,37.77589691539553
2018-05-01,64.74540697018719,38.86385157525744
2018-05-02,65.29583702995245,40.057563743957715
2018-05-03,64.57461481707644,39.887630404063
2018-05-04,63.194753138745014,38.91254726575893
2018-05-07,64.44537910214031,39.919375282141274
2018-05-08,64.28543169377292,39.65580258208504
2018-05-09,64.49247536257862,38.803808194537005
2018-05-10,63.72799520846683,39.015908599514084
2018-05-11,62.82119538532728,38.286042054930576
2018-05-14,63.91703536602007,37.91060306222454
2018-05-15,63.77618000999925,38.867512406038394
2018-05-16,63.87209337652471,39.925951328964935
2018-05-17,63.39562021592538,40.61430415442154
2018-05-18,65.1479084052095,39.359035977237085
2018-05-21,65.25141302674986,39.40140692276104
2018-05-22,67.64564470699821,39.02844871395435
2018-05-23,66.53010147557971,38.51630593315975
2018-05-24,67.22468989234653,38.60332154326605
2018-05-25,67.2137359757346,38.83758836861617
2018-05-28,66.09004457788018,39.12002170866088
2018-05-29,65.81090922990369,38.9359863344495
2018-05-30,65.12766275550005,38.788143338002634
2018-05-31,65.50228408886109,37.9311893493297
2018-06-01,65.17919551872187,36.761290328861264
2018-06-04,64.16782879521945,36.56375212626981
2018-06-05,65.04494595740442,37.36704281280279
2018-06-06,63.3927681751239,37.88565132460631
2018-06-07,63.76998693909678,37.58570881496073
2018-06-08,64.89378199488084,37.32829733491799
2018-06-11,65.95330696676174,37.957656018177296
2018-06-12,66.97915963321488,38.109959809649794
2018-06-13,66.22913189245418,37.71608004697449
2018-06-14,66.03418958013062,37.879878944755426
2018-06-15,64.81298528313576,36.5020095230964
2018-06-18,66.33922373443353,36.04450905101754
2018-06-19,64.56348878357174,36.65658485598114
2018-06-20,65.86129178350174,36.85878809384512
2018-06-21,64.35606483436202,34.67418683991238
2018-06-22,63.083115026309464,34.77864073811768
2018-06-25,63.09454130100627,34.44607677797325
2018-06-26,63.57556758530253,34.82519116835666
2018-06-27,65.998718265116,35.01754210863165
2018-06-28,63.62693544301881,36.25814801407439
2018-06-29,63.387816007231564,36.72667656265958
2018-07-02,62.98707110315697,37.12369105101925
2018-07-03,60.87191796247382,38.056852913603265
2018-07-04,62.81087139529764,39.707652632992136
2018-07-05,59.67226800124016,40.32500573973208
2018-07-06,59.44693453560873,39.51822649019694
2018-07-09,60.97653570661813,39.27583513738475
2018-07-10,62.69324363837292,39.08454986849196
2018-07-11,63.10611612371798,38.23025902255049
2018-07-12,62.154696975588436,38.432900799193106
2018-07-13,62.889951964883394,39.11608712270045
2018-07-16,63.92616799973762,39.055091259412976
2018-07-17,64.89001943065651,38.99243155247587
2018-07-18,65.44577583474026,39.95291858317968
2018-07-19,63.30201111640682,40.789370320794156
2018-07-20,61.630667204452266,40.55916046851142
2018-07-23,61.69109191662308,40.117474420288374
2018-07-24,62.86046590910405,39.58491765461742
2018-07-25,62.68066187117865,40.41559047493959
2018-07-26,62.94552256404123,41.01974716838613
2018-07-27,62.61325464400352,40.977490730486515
2018-07-30,63.74873214615593,39.86184785727161
2018-07-31,62.89539712532402,38.97358638057232
2018-08-01,62.90563169339345,38.9611588313215
2018-08-02,63.126808905421676,38.44580155609216
2018-08-03,62.57464153530171,37.01926030233033
2018-08-06,63.41177428539359,37.50160316331986
2018-08-07,63.77875828893308,38.103518341096425
2018-08-08,62.94262344594915,38.39893217447818
2018-08-09,63.25542369506,38.73250432923042
2018-08-10,61.60468123182938,38.92058861649593
2018-08-13,61.53481894134799,38.91255046435702
2018-08-14,60.73810448329531,37.8948734880223
2018-08-15,61.48525630453781,39.1677811683065
2018-08-16,62.12891665461266,40.18492863740588
2018-08-17,63.256781418622865,39.518218898255626
2018-08-20,63.11960495356578,38.28693457117469
2018-08-21,61.89518304931682,38.39115385051639
2018-08-22,62.40308137108018,38.76124498071392
2018-08-23,60.68026292105114,39.33253383332315
2018-08-24,60.88858344402912,39.640497160404514
2018-08-27,60.53674894269795,38.727249143183045
2018-08-28,59.75655616730622,38.8564729242999
2018-08-29,59.83455228346817,38.732797768732624
2018-08-30,58.82426071083984,40.953047997207314
2018-08-31,58.517995286703474,41.08287544496429
2018-09-03,59.654721897832744,42.918078202514366
2018-09-04,61.00229373648063,43.770134847326965
2018-09-05,60.467722961885194,44.99842794710598
2018-09-06,60.30220938823488,44.63008938393233
2018-09-07,59.94142123665229,44.30863917789467
2018-09-10,59.77130484197057,44.176562224158445
2018-09-11,59.913850847380054,45.35195312404572
2018-09-12,60.916660205016555,44.957958638371835
2018-09-13,60.30957741153569,45.692452271153186
2018-09-14,60.0834034423487,45.03780676932683
2018-09-17,60.273554642003646,44.80133116257834
2018-09-18,57.791595006818675,45.08626968183368
2018-09-19,58.10157879777296,45.23817301815799
2018-09-20,58.81486987490807,45.04310878727672
2018-09-21,57.87208337010479,43.84805642559868
2018-09-24,57.74828818474195,44.57639737338757
2018-09-25,60.32294798795473,45.49612804826397
2018-09-26,60.66527265961554,47.04772695151812
2018-09-27,59.25928352914176,46.40662231422837
2018-09-28,58.8408245750003,47.70152706806805
2018-10-01,59.43213274491735,47.45541321357009
2018-10-02,59.80308294879321,46.3297718506044
2018-10-03,59.95290641687041,47.44757063592521
2018-10-04,58.11260966068734,47.57753565552046
2018-10-05,58.820817253870665,46.29293068662584
2018-10-08,59.10857639099775,46.27279745395583
2018-10-09,58.62146562942135,45.2217267664904
2018-10-10,58.77689498920302,46.571986073124656
2018-10-11,60.95685289198982,48.17387041655325
2018-10-12,60.69639158484026,49.77486266266366
2018-10-15,61.080828888453944,49.780954845873524
2018-10-16,61.61980785641245,50.41555166127947
2018-10-17,61.31808329289396,51.48256961801872
2018-10-18,62.58285506403364,51.810489533549145
2018-10-19,61.83453258513766,52.45704205542242
2018-10-22,59.47925191942782,52.0412597540062
2018-10-23,59.795426131170196,51.47171544893106
2018-10-24,58.986442220869215,51.16584338850392
2018-10-25,58.26291084385716,51.06071956293319
2018-10-26,58.41115775702429,50.50201300464507
2018-10-29,57.616702816509104,50.43188833515734
2018-10-30,58.30693085271385,51.122424831162974
2018-10-31,58.374286233206824,51.7582004821112
2018-11-01,60.173679018272054,50.753042654203185
2018-11-02,60.298538974160905,50.914476187894756
2018-11-05,59.623436129107525,52.237418428615186
2018-11-06,61.19049023926169,53.18580067078587
2018-11-07,62.18001680092557,50.379628046740876
2018-11-08,61.279540146730916,50.306999996858494
2018-11-09,59.69292685682124,50.64122596738533
2018-11-12,58.44921489178969,50.86868354171236
2018-11-13,57.41909617081901,51.85554240525874
2018-11-14,58.63898607041741,51.83645837750382
2018-11-15,57.40258121887698,52.632640804327366
2018-11-16,58.209163605204694,51.57478426522443
2018-11-19,58.060088497998166,51.30091039595116
2018-11-20,59.89164191456561,51.17736332088451
2018-11-21,59.69212516306624,51.1855977008827
2018-11-22,60.42876584843277,50.71650238998191
2018-11-23,59.91053091351041,50.174330092294134
2018-11-26,60.60059136733265,49.465830599962935
2018-11-27,59.821617809515224,49.93008657881088
2018-11-28,59.055102901862675,50.73263401853922
2018-11-29,58.940478096197126,50.81390745265954
2018-11-30,60.49648557770122,49.56744973371962
2018-12-03,58.8909549266876,51.67515736112286
2018-12-04,57.97989883192548,52.643359895063476
2018-12-05,55.9622912668989,52.594046896145876
2018-12-06,55.799076424563744,51.5672361545087
2018-12-07,54.1588495509937,51.2933137780075
2018-12-10,53.262880064996324,51.717000550289924
2018-12-11,53.77122957938545,50.88719874832308
2018-12-12,54.297348574275006,50.32943045102843
2018-12-13,54.38921897861968,50.08378312002705
2018-12-14,55.82847304971173,50.96214557562898
2018-12-17,56.752287352123375,51.77731607087754
2018-12-18,57.07524810548023,51.129330347608466
2018-12-19,57.65807644388479,50.19281464535771
2018-12-20,58.58843631534887,51.39984163258214
2018-12-21,60.03150632461051,52.22535009678472
2018-12-24,60.61399637062125,51.76218533385009
2018-12-25,59.39053142933598,51.12075922103306
2018-12-26,59.998708711638066,51.894921663147706
2018-12-27,60.30709199502684,50.520865454166746
2018-12-28,61.06416291255972,50.29850822178932
2018-12-31,60.13721837812235,49.44516158025245
2019-01-01,61.086889891384246,49.25658872285325
2019-01-02,60.799359264601364,49.73869797535696
2019-01-03,60.22972524190183,49.165112835388015
2019-01-04,58.878060870150776,49.7250370560085
2019-01-07,57.716271173517164,50.59444536169242
2019-01-08,58.678455789781125,49.58837658200087
2019-01-09,58.0762988537394,49.50345222068838
2019-01-10,57.101786193252934,49.91718297291231
2019-01-11,58.21172074599403,50.67763399246483
2019-01-14,59.1431561164658,49.41707393926824
2019-01-15,59.099660481940376,47.29373212029886
2019-01-16,59.45862009374071,48.2826827858585
2019-01-17,58.32349785854891,47.788066722339764
2019-01-18,59.92727713407989,47.77230782213003
2019-01-21,59.36114799167676,48.20185082919868
2019-01-22,59.99721662884863,46.84918444117008
2019-01-23,59.703672761590205,47.783736843528246
2019-01-24,58.467719785840934,48.092534166229576
2019-01-25,59.13459967844948,48.778306144503
2019-01-28,59.034232727814945,49.442933776708344
2019-01-29,57.87890416610997,49.58276509684232
2019-01-30,58.94711174819132,50.492431224117674
2019-01-31,57.836209781325316,49.94645088735153
2019-02-01,58.410046074560846,48.186960810045946
2019-02-04,58.958553900662096,49.34014367257189
2019-02-05,61.2601320285402,49.04078849122407
2019-02-06,60.49975487331692,49.02219260776405
2019-02-07,61.58443657930768,48.958998612466424
2019-02-08,64.26480939692956,49.636350867009114
2019-02-11,66.44899115646147,50.13726550960401
2019-02-12,67.4158941100408,51.07587380550686
2019-02-13,67.9684295188026,51.97913144801118
2019-02-14,70.38022850429431,52.70754550277997
2019-02-15,70.69394851326052,52.3040459778683
2019-02-18,69.64938556466113,54.378952514250855
2019-02-19,69.41213006819456,53.241867110660095
2019-02-20,70.7669611258443,52.95801979971612
2019-02-21,68.18120691808812,52.39883619795777
2019-02-22,67.18966438338896,52.65654279625264
2019-02-25,66.20916675513719,52.36466704758743
2019-02-26,64.89027302694953,53.093570232941744
2019-02-27,67.20503810433026,51.820701409731235
2019-02-28,68.53211180836573,51.776125886233295
2019-03-01,68.9068748368807,50.839591614382805
2019-03-04,69.87931050948612,50.209913174450406
2019-03-05,69.14419490934317,50.17092386909866
2019-03-06,71.13825037857379,49.64493868975641
2019-03-07,70.97799684967468,51.296304222367034
2019-03-08,71.6735147518939,50.46453680572735
2019-03-11,70.92043323513361,50.33172563990586
2019-03-12,69.9094898857582,51.41871727304645
2019-03-13,69.21977894851081,52.49663328289087
2019-03-14,67.070286230465,52.25244808098366
2019-03-15,67.3123767400615,51.44664719309328
2019-03-18,67.1256245533995,51.0272885085102
2019-03-19,69.21443536674148,51.011607750810825
2019-03-20,70.27360931011816,50.08130717660994
2019-03-21,70.93394440345944,49.94933295619619
2019-03-22,71.51730049901612,49.56067244531244
2019-03-25,70.80638369723533,47.236199825287564
2019-03-26,69.58894891562393,48.15856296770196
2019-03-27,70.73885332645794,49.2724236432354
2019-03-28,69.51178971906808,48.15436557440037
2019-03-29,68.39033189630133,48.72854604442883
2019-04-01,67.43326807678639,47.95573188528966
2019-04-02,68.3644583984458,47.7686939767098
2019-04-03,68.9736678494697,46.38424455643476
2019-04-04,72.31581458364884,45.315018657439616
2019-04-05,71.90724871088698,45.68161949759099
2019-04-08,72.74186930854682,47.071208496307406
2019-04-09,72.9381092307187,46.60103719250404
2019-04-10,72.61191095478043,46.46559907972556
2019-04-11,75.31045130006473,45.33398449163341
2019-04-12,74.26348784275336,45.00745052707806
2019-04-15,72.03107554045022,44.43705524923146
2019-04-16,73.34444852338886,44.322046490467
2019-04-17,73.00391496022026,44.24864441165448
2019-04-18,74.01891937526224,45.55613327453139
2019-04-19,76.63219020342675,46.06594878125151
2019-04-22,75.371384870407,45.5549965539452
2019-04-23,77.3377578034963,44.68325143331013
2019-04-24,76.56277331290221,46.62378135105876
2019-04-25,77.44076189716428,46.57439531625204
2019-04-26,78.51854307549833,46.55972617571556
2019-04-29,78.81941300390858,46.125705682863796
2019-04-30,78.30148679495954,44.76127386228978
2019-05-01,78.9009922730426,43.515787081858946
2019-05-02,80.36550145428065,43.49715248720073
2019-05-03,80.17939231403678,42.416823757621735
2019-05-06,82.58486810256481,42.1800977037697
2019-05-07,79.02232798386142,42.738186240295434
2019-05-08,76.91580173993813,41.74791653552549
2019-05-09,77.21299712338781,41.70435225973676
2019-05-10,74.82313477799217,41.93752268559005
2019-05-13,74.18531373306539,41.09357601776073
2019-05-14,74.90917849836669,39.986201189612714
2019-05-15,75.10850065622986,40.02554097012442
2019-05-16,73.88884233865856,39.789543991774146
2019-05-17,75.40627679447492,39.66609442776848
2019-05-20,73.65607809378474,39.73332224990729
2019-05-21,73.66752404675022,39.84451749846117
2019-05-22,75.58376338133127,40.43343959988184
2019-05-23,74.40928583573,40.02602135070152
2019-05-24,73.44447972318646,40.76144259072123
2019-05-27,73.62413215055749,40.465372710913535
2019-05-28,74.92342455016792,40.35561762879265
2019-05-29,75.82097985888034,39.999183309532775
2019-05-30,75.6064380494389,40.231494506129486
2019-05-31,76.22269356655123,40.474225863417495
2019-06-03,75.24875490640088,40.73216500237151
2019-06-04,72.81710251304152,41.925151370084365
2019-06-05,72.23978096790255,41.13361116034535
2019-06-06,70.52808177828739,41.55335818446154
2019-06-07,70.7923426718149,41.419393659992686
2019-06-10,71.37921430241593,42.87397095920662
2019-06-11,73.0290054893086,42.525522269888455
2019-06-12,70.06670320738597,43.57536260231859
2019-06-13,70.05926263684121,43.05301360461859
2019-06-14,71.1514846734108,44.06536094406332
2019-06-17,70.50029386288422,44.503948493426684
2019-06-18,71.10224734517425,44.571083496859245
2019-06-19,72.33296750907006,43.414471975035795
2019-06-20,72.91884375040853,42.70302959964694
2019-06-21,73.51905357041315,42.74134936850251
2019-06-24,71.75834792740035,44.52210722803376
2019-06-25,71.38868464525322,43.23709408043896
2019-06-26,71.3077916825581,43.45446818803861
2019-06-27,71.06069046826067,42.53758999773591
2019-06-28,72.02219966185346,42.88701941996408
2019-07-01,71.74701495673406,42.676921064425
2019-07-02,71.5537530904569,41.84211556594294
2019-07-03,72.70276245208586,43.35434543115764
2019-07-04,72.81140646804403,42.57863219143745
2019-07-05,70.65042725372328,43.26704594786465
2019-07-08,70.69219321485923,44.08804812780885
2019-07-09,69.58684169111191,45.871405122959864
2019-07-10,69.00264429859175,46.36730590939561
2019-07-11,66.3456311869716,47.30365016076218
2019-07-12,65.35299937918617,47.58336122732856
2019-07-15,66.47020906128458,47.55587569445988
2019-07-16,63.32480239711928,46.99422373145003
2019-07-17,66.57282661704575,47.52970222232379
2019-07-18,66.66973672378327,47.12850067882858
2019-07-19,67.05371765490578,47.164334237271085
2019-07-22,66.77257499303043,47.663298040078665
2019-07-23,66.76205567290872,46.85267900129364
2019-07-24,66.93231499063256,47.11744568945471
2019-07-25,67.22947307934646,47.763574367674764
2019-07-26,67.4387057542525,47.257087032149194
2019-07-29,66.17951184828695,46.192590579857196
2019-07-30,65.77791703828053,46.239465252611325
2019-07-31,63.903645646918584,45.60736706986117
2019-08-01,63.599978612041056,44.81224530622733
2019-08-02,62.97324975375882,45.92598355986054
2019-08-05,63.11816127229487,45.43260409335165
2019-08-06,60.03841916647226,48.179290860153195
2019-08-07,60.14312521764075,47.02163395303122
2019-08-08,60.136788392097216,46.63225075441836
2019-08-09,60.24795369692307,48.6609993484527
2019-08-12,60.81490410802005,47.51769289277821
2019-08-13,60.57169461511292,48.01866130263334
2019-08-14,59.04635644424924,47.240748295929336
2019-08-15,58.70835340166386,47.20904945935059
2019-08-16,57.72349349786915,47.622593423336895
2019-08-19,57.864995030060925,45.708937964198505
2019-08-20,57.023460395602896,45.90519249625728
2019-08-21,56.84170488668359,45.03155522369257
2019-08-22,56.77395945972522,44.20689789120415
2019-08-23,58.72225817428573,42.533138211890055
2019-08-26,59.678975061583756,41.84610680085599
2019-08-27,59.82678173680018,42.297902232237774
2019-08-28,58.34963386501162,41.94803010777298
2019-08-29,58.93198161724213,42.56873697845304
2019-08-30,60.56513147099585,43.51846118924199
2019-09-02,60.65275207021571,43.20125309046964
2019-09-03,60.62596992796391,42.80458085162511
2019-09-04,61.261018616194185,44.20214369286338
2019-09-05,60.788662333954115,44.77464590003226
2019-09-06,60.20363106152603,45.41737501908625
2019-09-09,62.3921223916985,45.34590701372
2019-09-10,61.33914180442831,44.657740794317704
2019-09-11,60.494401278062846,45.21683951142686
2019-09-12,60.39644845918023,44.547329251180386
2019-09-13,60.474335265312035,45.0793190165706
2019-09-16,60.593774606032355,45.501553776816486
2019-09-17,60.53408669391675,45.2869104827561
2019-09-18,59.18434820077082,44.742879446532186
2019-09-19,58.673997789716616,45.23562082386233
2019-09-20,60.63392754331425,44.520271896179366
2019-09-23,60.18598416074254,44.15141746379004
2019-09-24,59.25979105450281,43.85983326903859
2019-09-25,59.910898992253294,45.20921619364571
2019-09-26,56.965116383668985,45.076509254967895
2019-09-27,57.90162825214408,45.128702922862814
2019-09-30,57.579168872625104,44.23713265128253
2019-10-01,58.504629630044256,44.327257404890766
2019-10-02,57.84782150900282,45.58924216457623
2019-10-03,58.12302490271787,46.19079645217839
2019-10-04,58.466501095472005,45.72729132059847
2019-10-07,59.455329381617254,44.870092364813296
2019-10-08,59.329614047326785,45.31498787871771
2019-10-09,58.49813531784315,47.48020581140735
2019-10-10,58.83323998168099,47.20677052582816
2019-10-11,59.028357489471716,48.00451540308977
2019-10-14,59.64270506006154,48.026072191472444
2019-10-15,59.35021738261756,47.80060518082627
2019-10-16,58.83235944244675,49.12162059060358
2019-10-17,57.44744968976076,48.86220557598048
2019-10-18,57.11393319492305,49.89983123579617
2019-10-21,57.43413122557636,49.70634815748469
2019-10-22,57.86402871391432,47.408793102813405
2019-10-23,58.41298630089238,45.98821533656698
2019-10-24,58.04352918412904,46.210805568618106
2019-10-25,58.89161355981702,45.22258081897754
2019-10-28,58.559668836349935,45.38263477471204
2019-10-29,58.55616975468177,44.77848421683057
2019-10-30,59.06743963548851,43.71740230307258
2019-10-31,59.73171498570564,43.41985771511086
2019-11-01,58.79249280460931,43.72381416375568
2019-11-04,60.60834053012557,43.875342381640145
2019-11-05,58.75550353420347,43.6250329851488
2019-11-06,59.728074995491916,46.001243268355445
2019-11-07,59.98032948926528,46.87874277164515
2019-11-08,59.79743647518609,46.79238104028138
2019-11-11,59.39055855119197,46.22719530440506
2019-11-12,59.60088997710053,47.01797747596883
2019-11-13,57.78072988433907,47.82410749782678
2019-11-14,57.47865756488836,48.35214323029427
2019-11-15,58.58368854733627,49.587627607381776
2019-11-18,57.11111090465825,50.2792809386669
2019-11-19,56.85552989561321,50.58782586991946
2019-11-20,56.269601386427176,50.95253509641335
2019-11-21,56.56375855226452,51.82651435904814
2019-11-22,57.463726471605916,52.173549963582126
2019-11-25,58.207676935815414,52.596705797296686
2019-11-26,58.412895727566195,52.46902556929677
2019-11-27,58.40565667819248,52.674834154911366
2019-11-28,58.71417122357012,52.23833395356368
2019-11-29,58.140747274512215,51.88792829618578
2019-12-02,57.55207054668722,51.2980035408287
2019-12-03,58.28547945724809,49.17640344222275
2019-12-04,57.61566590627281,49.03305500847072
2019-12-05,57.95302559873889,50.40583565993623
2019-12-06,57.36586563614569,50.37249906824349
2019-12-09,57.38679030806483,50.30356255922443
2019-12-10,56.60655363652328,50.37805730754871
2019-12-11,56.45152038508218,51.092205095291554
2019-12-12,58.372921236140364,51.48862621892059
2019-12-13,57.44667721353004,51.178960238241224
2019-12-16,55.335543435783435,49.81188954436972
2019-12-17,52.59461804990733,49.46764754485845
2019-12-18,53.71860192753432,49.369439475899874
2019-12-19,54.31541863182802,48.9952529521943
2019-12-20,55.8483605549855,49.81801142421639
2019-12-23,56.04146947209351,50.31513525166972
2019-12-24,55.793959561752644,49.339610541398905
2019-12-25,55.88686557427495,50.27598233193338
2019-12-26,55.14177591298618,49.47088832010134
2019-12-27,54.74505944538425,49.01558961703127
2019-12-30,54.46587414001459,47.91600488016221
2019-12-31,53.49382234420935,46.12268582498295
2020-01-01,52.44226852575214,45.58420141635371
2020-01-02,52.7785697553611,44.6636656515779
2020-01-03,53.544098793194834,43.24676984831853
2020-01-06,56.40567759808622,42.85358492358269
2020-01-07,56.317266355252855,41.972001038639156
2020-01-08,57.39367334212434,42.17595745426584
2020-01-09,57.80674052353049,41.75155544760817
2020-01-10,57.92092718742052,42.070430026391044
2020-01-13,58.05819785376881,42.74722103284162
2020-01-14,58.06201990199771,42.85734694975987
2020-01-15,58.40081671072675,43.82953317312894
2020-01-16,58.8710234322769,43.15464530044095
2020-01-17,61.0945800657829,44.290924776700564
2020-01-20,61.71751237903343,44.46217609163804
2020-01-21,65.29616662406873,44.44960292172654
2020-01-22,65.2179522111659,43.728459777952565
2020-01-23,65.11337751860152,43.30459922260061
2020-01-24,67.09681591087723,43.99119334403692
2020-01-27,69.33840087127078,43.535233622011155
2020-01-28,68.76673819206249,43.13878716637785
2020-01-29,69.9300791980069,42.7986626355082
2020-01-30,68.74430404062215,44.1113572819328
2020-01-31,67.70975324423343,43.85319567673866
2020-02-03,67.52431535093453,43.486999947123195
2020-02-04,69.09708497880347,42.972022059154234
2020-02-05,68.11870433415481,41.93582296757717
2020-02-06,70.00644307786243,44.147016919262484
2020-02-07,70.68622897428018,44.10788457447266
2020-02-10,71.06225425233616,43.240575068660405
2020-02-11,71.92534066000005,42.036981491783024
2020-02-12,72.00023334572916,42.18486696814781
2020-02-13,71.1225517701838,41.519949290140794
2020-02-14,73.93905453156268,41.3291105276723
2020-02-17,75.15413218770388,41.81460879108935
2020-02-18,74.29001219995186,41.25079891607069
2020-02-19,73.73196135263383,41.66684081504221
2020-02-20,74.98720992179526,42.66491329631975
2020-02-21,74.1073671180136,41.83758777427263
2020-02-24,74.08352951767893,42.7013004978517
2020-02-25,70.82867315064748,42.97585115895715
2020-02-26,70.69167536189379,42.330648947113225
2020-02-27,70.34898986429768,42.38085087754216
2020-02-28,69.49246502887192,41.85626099166173
2020-03-02,69.72821429284414,41.3104402125533
2020-03-03,69.02395643014204,40.734703834226224
2020-03-04,69.9085135805084,39.54821579545326
2020-03-05,72.04237048240816,40.753391432213874
2020-03-06,73.32963876752623,40.82339998777062
2020-03-09,75.59391340856568,42.199065163268706
2020-03-10,75.98396606554356,42.19581519106597
2020-03-11,76.96974698763196,42.460704546672616
2020-03-12,75.13522655756815,42.11335906733305
2020-03-13,74.69182344482303,42.246688097634866
2020-03-16,72.75884676624335,41.92477692334623
2020-03-17,72.76889242631027,42.40634892982814
2020-03-18,72.9725642651868,41.50887469101528
2020-03-19,73.07884621010353,41.054862844463244
2020-03-20,71.46467187577655,42.120332940800814
2020-03-23,70.89788842124281,41.99141861450511
2020-03-24,70.98560716753602,41.8462933763511
2020-03-25,70.05542721234303,42.207224785430306
2020-03-26,69.71463778928928,43.15076913900307
2020-03-27,69.96362566653661,43.31830770431531
2020-03-30,68.52105814231157,42.85056933421101
2020-03-31,67.59303274243737,42.78932272228625
2020-04-01,69.00988975272503,41.51352808861649
2020-04-02,69.98883284204449,42.55152679001949
2020-04-03,69.78190098266339,42.59494217348959
2020-04-06,70.01057082343321,43.12101107685232
2020-04-07,68.0312741754455,42.94518836959571
2020-04-08,67.68592501223146,43.587737361987514
2020-04-09,68.89525691413367,43.53415090793346
2020-04-10,69.4975443185736,44.03587877751551
2020-04-13,70.46881920751994,43.24137253585247
2020-04-14,69.37924403938564,43.44256471169471
2020-04-15,69.37866509187499,43.68184928528247
2020-04-16,68.9977661958114,44.60090460443995
2020-04-17,69.45430846768694,43.32915595157103
2020-04-20,67.14168580525158,44.34757567179602
2020-04-21,65.98954201261438,44.318264148273585
2020-04-22,67.39800838309168,44.30464880266111
2020-04-23,67.9799719445273,43.20513925373662
2020-04-24,69.35248771679122,42.886788700110024
2020-04-27,68.34675921174288,42.02670337276952
2020-04-28,70.87791419739136,43.926059709167674
2020-04-29,69.49640629480068,44.02216521112657
2020-04-30,70.91092314075655,44.20274984008435
2020-05-01,72.31769804912037,44.284862562934165
2020-05-04,71.94803881335278,44.247766862602866
2020-05-05,73.07595417020678,44.55690156983642
2020-05-06,74.03231062188387,44.43777518528907
2020-05-07,73.94950014201264,44.03987606526558
2020-05-08,74.19190659761132,44.78403533847135
2020-05-11,74.28102993282381,44.40939116850185
2020-05-12,75.25527023531706,43.18718421309034
2020-05-13,77.35971984978951,43.20449010168939
2020-05-14,78.42670289251338,41.90458851528546
2020-05-15,79.60805637348933,41.0890142788371
2020-05-18,81.57351399649671,42.72069528849337
2020-05-19,81.41003283670861,42.6308434505647
2020-05-20,80.3186653614114,42.33888169767277
2020-05-21,78.38108223919717,42.51710855898645
2020-05-22,79.264968917213,42.6728043890387
2020-05-25,78.65273218517393,42.27203217077153
2020-05-26,79.0255539175949,42.900531065342456
2020-05-27,78.76464348204281,43.64862255796083
2020-05-28,79.05793097922637,42.80617215102891
2020-05-29,78.51946886582938,42.86804671090002
2020-06-01,79.42696605383853,41.80754404206155
2020-06-02,78.74060943063647,41.815329074508035
2020-06-03,74.55252255824217,41.34690990703618
2020-06-04,75.64576783482555,41.3368756969973
2020-06-05,76.23472661597758,41.637931178521505
2020-06-08,76.8307756846846,41.105105653402426
2020-06-09,77.2972565559358,41.36122784361661
2020-06-10,75.97058003732268,42.392303042936994
2020-06-11,77.16630330878426,42.42234726733667
2020-06-12,77.86602202180681,42.688394948018875
2020-06-15,78.25210737741793,43.46894318371168
2020-06-16,76.74526272916549,43.30976464952601
2020-06-17,76.80376897565533,43.843002875523645
2020-06-18,75.88685184033515,45.41384124136346
2020-06-19,77.418659736734,44.144110312221
2020-06-22,77.4830495498885,43.32534272007902
2020-06-23,77.81068328236952,43.56080591000567
2020-06-24,79.2369222872615,42.98036924008916
2020-06-25,78.54122930803948,42.97510151003349
2020-06-26,80.66519422724357,42.17880268708321
2020-06-29,79.34556032945582,43.09275086013878
2020-06-30,81.21562789415242,43.55285305979968
2020-07-01,80.08205249034347,43.69750545789011
2020-07-02,84.11767819575508,42.186725363231645
2020-07-03,85.10573984920471,43.614358856819926
2020-07-06,87.4354595320886,43.57963113984264
2020-07-07,86.81934207251905,43.085144230749414
2020-07-08,86.64468371419632,42.42565372204271
2020-07-09,86.09982217235144,42.30239926336743
2020-07-10,84.9055266025401,41.81536665413019
2020-07-13,86.58751535440496,40.76226584097708
2020-07-14,83.69850119694655,39.75674259756503
2020-07-15,84.0594209296366,39.42983805538793
2020-07-16,83.47864948838705,38.66238050980205
2020-07-17,86.29649284312113,39.36815606133128
2020-07-20,87.66192190082712,39.47727100251067
2020-07-21,87.00732752743362,39.76367487313381
2020-07-22,89.21453281134067,40.00483300339053
2020-07-23,90.15848625951641,41.11820545827654
2020-07-24,87.29692341008139,41.870377108870215
2020-07-27,87.29806142890344,41.827085783623886
2020-07-28,86.16844316534934,42.11702395004647
2020-07-29,83.50286209049779,43.0605486978212
2020-07-30,83.97662124800678,42.92901984257361
2020-07-31,85.27597903254244,42.64759910454533
2020-08-03,86.91964405892772,42.189087354914484
2020-08-04,85.29104755970022,42.647569460708034
2020-08-05,83.52057369600541,41.98138832272722
2020-08-06,81.92138731739443,42.13212436656745
2020-08-07,80.52605440864832,41.94804238419987
2020-08-10,80.29653933344447,42.21642447995595
2020-08-11,78.23527473914761,42.144003598270956
2020-08-12,78.81861287879264,41.241366823059195
2020-08-13,75.97388731957915,40.59984936998398
2020-08-14,74.60913338154742,40.865887369520514
2020-08-17,72.89809500685058,41.21550223092681
2020-08-18,71.02318778296748,41.6315540410887
2020-08-19,69.29392237522339,41.89475536130818
2020-08-20,69.60384555813104,42.627161462172886
2020-08-21,71.58008370196356,41.370416209170145
2020-08-24,70.92702482083968,41.6584885336908
2020-08-25,70.60360611904758,41.65765517817109
2020-08-26,71.10778254469348,43.112432985132116
2020-08-27,70.55938687479767,43.26990783843879
2020-08-28,71.24292753115778,43.996597528043885
2020-08-31,74.08180751783738,43.92258556156686
2020-09-01,73.48350431320999,43.91002652130768
2020-09-02,74.83390471640551,44.40737231704386
2020-09-03,76.86683731469508,44.261894411231566
2020-09-04,77.99886422730822,44.79931215814797
2020-09-07,78.95130761836091,44.18561839255725
2020-09-08,79.58188907516693,44.71179178775585
2020-09-09,79.56958469985999,44.40867422639873
2020-09-10,80.48068400794003,45.43405674624305
2020-09-11,78.83933352149853,45.83188864005669
2020-09-14,79.05405904810921,45.862713141172826
2020-09-15,80.38995406927486,47.54068661932112
2020-09-16,79.53176137990731,47.083077049379874
2020-09-17,79.67920494286358,45.231715418838505
2020-09-18,78.96955984553331,46.13100950481432
2020-09-21,77.44256423715099,48.135670782882265
2020-09-22,75.18742302351426,47.10610108598184
2020-09-23,77.16559929247757,46.35147891436003
2020-09-24,78.60638795032914,47.19349618669534
2020-09-25,78.71531601431096,46.859855208169954
2020-09-28,78.6170584512332,47.485830967515376
2020-09-29,78.24990318032104,48.85041151302
2020-09-30,77.59917365090578,49.830230231483384
2020-10-01,78.38882427949595,49.809376609833954
2020-10-02,79.85546290935261,49.924783881735166
2020-10-05,78.6629131404553,51.28056416980098
2020-10-06,77.41854713404761,51.0536903407093
2020-10-07,77.39663713109306,50.07308038289295
2020-10-08,77.56133057637831,50.70082786402244
2020-10-09,76.3751839913184,51.88229117183492
2020-10-12,75.75984229330706,51.996460723470086
2020-10-13,74.70206936838613,50.81909619774802
2020-10-14,74.56437953416014,50.33271698192882
2020-10-15,73.11475301185006,48.25700996275244
2020-10-16,73.65521221203613,48.46765586840896
2020-10-19,73.09035910936703,47.70519750194814
2020-10-20,73.81069443628172,49.04934995965827
2020-10-21,74.82592680129352,49.29006739767932
2020-10-22,78.15323670679359,48.25868657873785
2020-10-23,80.53536157561852,47.93168089987007
2020-10-26,82.33369176998293,46.5128217916348
2020-10-27,83.75773182928775,45.50640343636827
2020-10-28,83.34414186484454,46.020641450213645
2020-10-29,81.69216298331483,46.348911623257145
2020-10-30,82.61473935256934,47.074878916196205
2020-11-02,81.54858117343473,46.15679656866266
2020-11-03,81.21624013025026,44.852891669900295
2020-11-04,82.45044019764501,45.25728031906233
2020-11-05,84.63179247091378,45.577596531030274
2020-11-06,85.38820898527737,46.21908666371128
2020-11-09,87.38004110013993,45.48677770988299
2020-11-10,89.31313260106867,44.5351243644988
2020-11-11,92.15391903977024,45.559458036021695
2020-11-12,89.12801565523569,46.212498804352606
2020-11-13,89.56550992851042,46.8711791733457
2020-11-16,90.39321624436867,45.824974185908175
2020-11-17,88.8980537917318,45.45184751701911
2020-11-18,89.75709342907311,45.41782037054992
2020-11-19,91.85813501462533,44.80047007079869
2020-11-20,94.12426025339845,43.48555739582664
2020-11-23,93.89864484524514,43.236342719360174
2020-11-24,95.89451749876856,43.82085483609367
2020-11-25,95.8667095450919,44.27456309281158
2020-11-26,94.76419950720535,44.9912487759411
2020-11-27,94.18227436108143,47.6289281619536
2020-11-30,96.98297155051793,48.25239035722974
2020-12-01,97.41022687959371,48.507041487815044
2020-12-02,95.03123787131854,49.108061268470536
2020-12-03,95.02981438856006,48.9373184429082
2020-12-04,96.3986279272163,48.81811452803035
2020-12-07,100.00166596105731,48.35856984025646
2020-12-08,99.4178254544821,49.91621452403838
2020-12-09,99.84457129667986,48.415415055008744
2020-12-10,98.43536677546663,48.04927660655794
2020-12-11,99.73584569900196,47.99851008740887
2020-12-14,98.77053373740482,48.41890026219702
2020-12-15,99.30426499294272,50.0086822018422
2020-12-16,100.18308306410759,50.03080950939956
2020-12-17,98.37321693691105,51.48366916560681
2020-12-18,98.0752251621844,51.974328455118176
2020-12-21,97.27317271283913,51.97243632979788
2020-12-22,95.02628017615027,50.70413822343485
2020-12-23,93.30081586182723,51.758250328201086
2020-12-24,94.67561849518661,51.096598627569485
2020-12-25,94.98901863208157,51.29075164499613
2020-12-28,95.16401880967602,50.15596650658958
2020-12-29,95.3727363386911,49.23378529456701
2020-12-30,94.92002026324701,48.30832409558458
2020-12-31,92.60761020695878,48.953218468459504
2021-01-01,93.33282032777521,49.43414939435487
2021-01-04,93.38692579201678,49.78984134286954
2021-01-05,91.28899776069555,49.213414186710494
2021-01-06,91.71234368064515,48.5635442696828
2021-01-07,96.15456180814348,51.05275514047651
2021-01-08,100.29269310373668,52.41093641932041
2021-01-11,101.64482259608545,54.6443038277189
2021-01-12,102.88380665535175,55.60915862439373
2021-01-13,100.8473993225694,56.58369005485656
2021-01-14,101.86227749674747,55.835572325799085
2021-01-15,101.89395125551181,56.68709138604005
2021-01-18,105.88509588599211,58.22724429053336
2021-01-19,105.97848432271576,57.221639263853376
2021-01-20,105.84648053452189,58.94846024182136
2021-01-21,105.8316290017954,58.781992694065565
2021-01-22,105.55421232551929,56.856279636179686
2021-01-25,108.25930188019657,57.09824646948742
2021-01-26,106.06701302838788,57.21731180885383
2021-01-27,104.65398354358693,59.02043834591136
2021-01-28,107.89627283175497,60.340264280749324
2021-01-29,108.6723188631901,59.59087798099735
2021-02-01,107.19327701764799,59.930512460746456
2021-02-02,107.94571681980548,59.96337793438254
2021-02-03,108.57385635840214,58.582008120599845
2021-02-04,107.28362854952348,57.750135065632044
2021-02-05,109.74686558460587,58.906196798147604
2021-02-08,108.62309851352617,58.585861507734464
2021-02-09,107.73476000858868,60.27510582041143
2021-02-10,107.68076871670402,57.90578342013054
2021-02-11,106.36271106420669,56.82901037195837
2021-02-12,107.0886071380288,56.99705432759785
2021-02-15,108.29836299787416,59.77628788282621
2021-02-16,105.3654505099994,59.97599609022319
2021-02-17,104.71390617359093,58.99142765162384
2021-02-18,102.6248397479111,60.26057080993876
2021-02-19,102.9081378324394,60.23413727589174
2021-02-22,104.82146407284492,61.1471280562487
2021-02-23,103.42096696243443,63.03551624715854
2021-02-24,99.61490616109441,63.11494721750182
2021-02-25,99.47428716908763,63.346130361034064
2021-02-26,96.61771994129661,64.2710528035928
2021-03-01,97.72573330610926,62.426129957602946
2021-03-02,96.93560524874167,63.5984559278526
2021-03-03,100.22771564723585,62.865008453465954
2021-03-04,101.8781350119818,62.136665627241754
2021-03-05,100.47689123137062,61.587057486638145
2021-03-08,98.26534401611521,61.20903588351868
2021-03-09,97.4765611779788,61.871205493545354
2021-03-10,99.02841458396713,62.4194896536684
2021-03-11,98.12799631284956,64.1605250530484
2021-03-12,100.40836087571496,66.21087067687812
2021-03-15,99.12939891798507,66.12031124354667
2021-03-16,98.45981853864693,65.32020888263426
2021-03-17,101.70178724670966,64.64069232685664
2021-03-18,100.95780151880682,63.68660659069508
2021-03-19,101.61516543503294,65.21812843075806
2021-03-22,104.12114270506422,66.98081077054071
2021-03-23,103.11019057502939,64.62264424228177
2021-03-24,102.16319095111034,63.63883699313749
2021-03-25,101.99924171212317,63.17331976518723
2021-03-26,98.7057148274468,63.24434592711098
2021-03-29,98.50663321257845,65.45173751029782
2021-03-30,100.19513081243757,66.7042241433822
2021-03-31,103.67252944208818,65.44694151821541
2021-04-01,102.4250643678318,66.10726941799072
2021-04-02,105.30707598664775,67.89559127616815
2021-04-05,102.98803248646239,67.07520631935138
2021-04-06,100.29848049974395,66.01471273382853
2021-04-07,97.39967782667716,66.19753530020515
2021-04-08,99.67615214711228,68.43064397148902
2021-04-09,100.65591858024283,67.15064442078726
2021-04-12,100.94557772843304,65.08384293201028
2021-04-13,101.08218074975397,65.48804453419224
2021-04-14,100.84522038410594,65.85092749810802
2021-04-15,101.93261820644895,64.99820820139699
2021-04-16,101.911242242073,65.81014214532622
2021-04-19,98.18068345907636,65.94607805157581
2021-04-20,96.51758299118724,65.89248249113226
2021-04-21,96.77760687371477,65.34502601781999
2021-04-22,97.27138822188152,65.78322334807785
2021-04-23,96.82462024047014,68.82715842213439
2021-04-26,98.77624158345567,68.06017985181492
2021-04-27,99.68341106037697,69.60854697123347
2021-04-28,100.34759315361853,70.55666514583166
2021-04-29,101.68068105448111,70.31086979252764
2021-04-30,105.1706481604818,71.62004257908126
2021-05-03,103.34447864857485,73.19006850234307
2021-05-04,105.42351081891516,71.5977878414824
2021-05-05,103.86915871504804,72.36375535396925
2021-05-06,104.34071842844659,71.7966549349305
2021-05-07,107.25839704087369,69.55312993577155
2021-05-10,106.9668476456435,68.09185436061611
2021-05-11,106.88272795827811,67.18063180672074
2021-05-12,105.7467320593122,65.79745312809494
2021-05-13,107.75142133639096,65.2132824311784
2021-05-14,104.80069837113554,65.4310924761284
2021-05-17,103.55268953490364,67.35746563903938
2021-05-18,102.30289911946477,68.71989693343426
2021-05-19,99.65985658804185,68.54382212596393
2021-05-20,101.69172159803477,68.71145908768209
2021-05-21,100.69579257990374,69.04559124466866
2021-05-24,102.00311706569286,69.52147526392993
2021-05-25,99.57974691773468,66.63046253554649
2021-05-26,99.9551634449575,65.65093212617772
2021-05-27,100.81015611668364,68.15124207467329
2021-05-28,101.4397358322611,66.69593953449231
2021-05-31,105.32095396352295,65.98293942346501
2021-06-01,105.50952795212943,64.53260798183054
2021-06-02,103.82373880870232,64.52823670873009
2021-06-03,103.55871248211204,63.87233255664353
2021-06-04,102.39222486480895,62.73699040375494
2021-06-07,102.81386133752929,62.4562972428071
2021-06-08,102.5083801592327,63.42446574248616
2021-06-09,102.02774095145219,64.15021573484564
2021-06-10,101.59477317123947,64.60758248884416
2021-06-11,100.39113744090231,64.61751701687055
2021-06-14,94.13982910410472,65.45862375913433
2021-06-15,91.20852044888377,66.06038186500554
2021-06-16,90.87105660501845,65.19574567058001
2021-06-17,93.55460142066627,64.76740570132392
2021-06-18,95.83340924335849,65.00422930131217
2021-06-21,99.10190593967083,64.05326253847761
2021-06-22,96.78928699739896,62.87931556342684
2021-06-23,96.93705066367293,63.26387296605179
2021-06-24,97.68253739520378,63.1293929350702
2021-06-25,96.8199113486954,65.05906567928784
2021-06-28,97.05693693248081,64.66143777236088
2021-06-29,95.98452230477852,63.99434506860225
2021-06-30,94.39453771846225,65.241480122077
2021-07-01,96.27497226499621,64.60721856113534
2021-07-02,98.20907857764556,66.72586593493997
2021-07-05,101.13756842892138,66.39515658136209
2021-07-06,100.25110376616638,67.12725563098877
2021-07-07,99.07849468491975,67.65641433859233
2021-07-08,97.1669956200407,68.6594300344272
2021-07-09,97.59677592719596,68.42857241143987
2021-07-12,97.69806054717981,67.47672293228639
2021-07-13,98.11012930398547,68.14588384822653
2021-07-14,97.78340497377361,67.52516978095805
2021-07-15,94.00607475656948,69.91349963545841
2021-07-16,94.45990091717036,72.704715657431
2021-07-19,93.47910992868668,74.31328174011676
2021-07-20,95.01763548721436,74.09558974258873
2021-07-21,96.03115879588006,74.92560500994276
2021-07-22,98.60141324469915,73.97331577952008
2021-07-23,98.3688459181592,74.12050378009363
2021-07-26,95.76542247580906,73.83940080289108
2021-07-27,96.56037770665745,73.71511780315511
2021-07-28,98.88339269554929,74.31877730744614
2021-07-29,97.66636969706684,75.0849938884952
2021-07-30,98.20796267340316,75.3056533272798
2021-08-02,97.39563169408683,74.66480220682283
2021-08-03,96.14511248942596,74.41269728489807
2021-08-04,96.37941724783835,75.72364169422147
2021-08-05,95.45418050940667,76.63028742470877
2021-08-06,95.58958528538963,76.64764001691813
2021-08-09,95.16782695949485,76.56355223915014
2021-08-10,99.26161335301879,77.2223507374447
2021-08-11,99.96317264822007,74.54662039025793
2021-08-12,102.8918993267371,74.01931768913597
2021-08-13,102.97776171211513,75.83827251784098
2021-08-16,106.14807770145187,77.51308931997836
2021-08-17,104.65250784507741,76.75262391483646
2021-08-18,100.52574303605971,75.16945949149508
2021-08-19,100.90070894045486,74.28256506831994
2021-08-20,100.37442075086759,72.93426572584042
2021-08-23,96.45850261117349,74.0290568440571
2021-08-24,97.76865139560857,76.76061867000246
2021-08-25,97.60077643970166,75.99706184273073
2021-08-26,98.70879804044051,74.19127835146543
2021-08-27,99.50758593388699,72.744660436607
2021-08-30,99.79155042677624,73.65854286079076
2021-08-31,101.3276699767145,71.63798376912253
2021-09-01,100.8455532587483,69.28084495774891
2021-09-02,100.88570513931842,70.94888226310998
2021-09-03,98.84765986652641,71.81666420370554
2021-09-06,99.02444678840887,69.23641048753628
2021-09-07,97.97001269713219,70.68761092065982
2021-09-08,98.03995167138014,72.11743732975361
2021-09-09,99.43828523606312,72.1573002964285
2021-09-10,98.59722232977944,73.75527952184723
2021-09-13,96.65683718635503,74.93757436877934
2021-09-14,97.15006424751334,75.75131112036254
2021-09-15,101.76687948122498,76.87106509534716
2021-09-16,98.76571125449125,75.80251182166982
2021-09-17,98.48299366363938,74.91345965178134
2021-09-20,96.42979809531379,75.0969645625993
2021-09-21,96.97638330562062,75.58571599313808
2021-09-22,96.56681747870864,74.5815464578265
2021-09-23,96.44529695887312,75.11907799315414
2021-09-24,95.19458249529335,74.43168348525523
2021-09-27,96.00998441047376,74.54929987898885
2021-09-28,97.08421792518521,75.9117003184363
2021-09-29,94.93415209467496,75.92856109266148
2021-09-30,94.35170241729516,75.51082554692684
2021-10-01,94.33634091002679,75.60508355493133
2021-10-04,94.37819720269326,74.10543094527362
2021-10-05,91.86387843147915,74.6231426380953
2021-10-06,91.60483556939651,72.99555533130273
2021-10-07,91.54338835719871,74.98964301147362
2021-10-08,92.44926107800867,74.77301184049806
2021-10-11,93.04761584645645,74.2940624816642
2021-10-12,93.20150803918003,74.76985064766734
2021-10-13,93.18841990100067,76.36600903993913
2021-10-14,96.28078029632175,79.00750398004422
2021-10-15,95.88615842262529,80.58912826860269
2021-10-18,99.26554652237802,80.46220874211558
2021-10-19,98.00256826763821,79.70723524997288
2021-10-20,100.80052371349194,82.07437108601678
2021-10-21,103.0546730712649,79.75445877360218
2021-10-22,99.56933760278602,77.50840364235755
2021-10-25,101.03550930725436,78.17537263825666
2021-10-26,97.30065590236813,79.28386220865896
2021-10-27,98.6197972313085,78.61705237829166
2021-10-28,100.19767084181103,79.28207349237749
2021-10-29,101.83537394067625,76.56228212061147
2021-11-01,103.08602801848811,78.26648381877024
2021-11-02,102.67083479069714,78.19514011464013
2021-11-03,101.89687481259239,76.36573875974153
2021-11-04,97.63313319529232,75.39482679740993
2021-11-05,96.80420135289161,76.71527266886129
2021-11-08,96.5528138627021,77.61152117835216
2021-11-09,99.0938733186154,76.23609909810092
2021-11-10,99.96472095525996,75.58975008382106
2021-11-11,100.24589181581284,73.75006096665633
2021-11-12,100.3143247534344,72.05491015087232
2021-11-15,97.37044910132252,70.6997041822932
2021-11-16,99.14124871606975,70.67312057565616
2021-11-17,99.414517231691,71.53223263187071
2021-11-18,100.19832240044833,72.38290011854797
2021-11-19,98.16698181982899,74.7053993785038
2021-11-22,100.64171976085626,75.73524134516806
2021-11-23,98.07370970068665,74.23796694370621
2021-11-24,94.91493343364277,73.43622791422096
2021-11-25,95.90661119767763,72.68637689919757
2021-11-26,97.15298324289681,70.79255420854376
2021-11-29,96.85168602830882,68.40669838844512
2021-11-30,98.54653871000451,70.15359011968869
2021-12-01,97.3970689969537,70.70990750524307
2021-12-02,98.99573809216184,72.36078741211529
2021-12-03,99.41973072067486,73.1884635544976
2021-12-06,99.16351882715885,73.56498776093798
2021-12-07,98.79123820575374,71.32707431932764
2021-12-08,100.2196223816048,68.38267179834274
2021-12-09,99.35237023948287,70.2353526319628
2021-12-10,100.68325296792791,70.20051818877022
2021-12-13,97.02603043727616,69.01500492785804
2021-12-14,96.23156962061734,68.66508646131732
2021-12-15,94.7406530522324,69.95759922017854
2021-12-16,96.39922095678449,71.0587565822783
2021-12-17,95.64820499331684,69.02303367284648
2021-12-20,98.54091275993558,69.20211382370101
2021-12-21,96.69398329837996,71.88325695741632
2021-12-22,94.21628719514898,73.01667065659996
2021-12-23,95.0335458158719,69.4490916062012
2021-12-24,94.00237908026455,69.83672499446926
2021-12-27,93.9440642682178,68.15962303808976
2021-12-28,95.09539215003277,69.89162476920937
2021-12-29,95.24060748279346,70.43734634230994
2021-12-30,99.02568122470831,68.84059163276787
2021-12-31,101.85577520523765,66.87413784746161
2022-01-03,103.20440714593006,66.77177826984608
2022-01-04,99.43222179541883,67.25880040845261
2022-01-05,98.06117243076639,67.78926993760679
2022-01-06,95.32093267393346,70.55374032048994
2022-01-07,96.77009641249096,71.17476874167716
2022-01-10,96.74584996781816,71.33313255646313
2022-01-11,95.49773936756249,69.47793452265344
2022-01-12,93.44954745059252,70.30146068698265
2022-01-13,94.35486931805293,68.95027952258197
2022-01-14,92.38770211247636,68.36608363118731
2022-01-17,92.40532690306104,67.18886322107323
2022-01-18,91.63275879971334,65.99963682834692
2022-01-19,93.11793943918696,65.39461650500596
2022-01-20,91.9632713435044,64.80795154790229
2022-01-21,87.66145849455961,63.948507190871354
2022-01-24,87.65617985508742,63.25322139737612
2022-01-25,90.70119063833873,63.776162976442876
2022-01-26,90.51430607640559,64.56999094747584
2022-01-27,90.48413277747093,64.14984226061235
2022-01-28,92.29391382651923,62.05866137670969
2022-01-31,89.39969700552767,61.50040958054157
2022-02-01,89.66223671180441,61.497124253726014
2022-02-02,91.29510213673248,59.9997669199628
2022-02-03,89.25683495754726,58.16330633175028
2022-02-04,88.31251767971742,57.319886533826384
2022-02-07,87.28888962464798,57.42473432724079
2022-02-08,87.30773794415491,56.8421767812389
2022-02-09,86.09293635217038,57.620306958624425
2022-02-10,85.24953770285926,56.270998121955465
2022-02-11,82.00231643027801,55.64680217202934
2022-02-14,82.48402588342161,56.831705725730316
2022-02-15,83.23006003276494,56.70983372605563
2022-02-16,83.75483857319755,56.969286077447144
2022-02-17,82.21248655139277,58.599712273198385
2022-02-18,81.86055085737385,58.62746506521833
2022-02-21,80.47408830491871,57.57167957798168
2022-02-22,78.80657802145163,58.39658932958154
2022-02-23,77.13481756630796,58.93643202140742
2022-02-24,76.82690662896286,60.95099381216011
2022-02-25,77.39829474636596,61.053074952824744
2022-02-28,79.661509745503,62.074998044933324
2022-03-01,78.56325960910593,60.70650354616714
2022-03-02,78.22690697719175,59.42300429147434
2022-03-03,79.21149418243623,59.49146803474287
2022-03-04,80.05333587422777,59.013231315696125
2022-03-07,80.63301042867172,57.71783237560133
2022-03-08,82.7883560349715,56.48596782903843
2022-03-09,83.29839038069747,54.031701721969284
2022-03-10,83.7158211318851,54.82503036096152
2022-03-11,82.68742487774486,54.53634321336462
2022-03-14,82.82056802015141,54.61899139230595
2022-03-15,82.26600822134364,54.04376715157453
2022-03-16,80.3696831599245,54.12273727493214
2022-03-17,78.78828399864064,55.44864504358496
2022-03-18,75.96598419080988,55.684504477664944
2022-03-21,74.60022143870083,55.12011032493147
2022-03-22,74.09903152300402,54.84753486011002
2022-03-23,71.3909748299698,52.67053567589064
2022-03-24,72.45091541415599,53.39970220203394
2022-03-25,73.87910221316363,54.003865865293584
2022-03-28,75.43939170297075,53.33086038518338
2022-03-29,75.01424039707798,51.96069679127579
2022-03-30,74.77888675643699,52.64339326375705
2022-03-31,73.69643768712808,53.74919655754994
2022-04-01,75.12068701712964,52.32969730309747
2022-04-04,75.40120115255444,52.188933206635895
2022-04-05,75.28378181178557,52.42572723423356
2022-04-06,74.606183978363,54.65930871757674
2022-04-07,76.34799329884201,54.2435807357045
2022-04-08,76.89339306834434,55.692277146606
2022-04-11,80.05091755897962,56.10173627188084
2022-04-12,82.07767322763993,56.209857748074015
2022-04-13,80.08362251831511,57.071541807616995
2022-04-14,81.49159147788735,56.823570668621734
2022-04-15,79.05176562559726,56.67610343990563
2022-04-18,78.27036827913903,57.23314741638042
2022-04-19,79.92085057558326,57.29210866114087
2022-04-20,80.58173474037461,56.943863585519196
2022-04-21,82.78537318804413,57.31125938419433
2022-04-22,83.65982164611461,57.320742153301424
2022-04-25,82.16697655095945,58.5101761284202
2022-04-26,78.90350894357522,58.00938450035758
2022-04-27,79.46137815491409,56.781096175757654
2022-04-28,80.65274085474809,56.425752383271266
2022-04-29,78.61125670102636,58.33755551955328
2022-05-02,77.16308212039671,59.30089106764293
2022-05-03,77.97459345975847,62.06749467286681
2022-05-04,75.86513229033422,60.57609403940083
2022-05-05,72.89727558333946,60.05859899469557
2022-05-06,74.7969520506648,60.81176892757052
2022-05-09,74.48175956575872,60.29687644477698
2022-05-10,73.87023157953512,58.892529965526414
2022-05-11,74.89701554323958,59.29467190930828
2022-05-12,76.89381666878491,58.082810870156635
2022-05-13,78.78573602747764,57.78139707741461
2022-05-16,80.72530296498199,57.95386365864317
2022-05-17,83.33598240373048,58.46464810501309
2022-05-18,84.24436028011775,58.48996747075098
2022-05-19,84.36139559665787,58.91713577162227
2022-05-20,86.12098823878345,57.75417710747505
2022-05-23,86.61903888847303,58.62533118948183
2022-05-24,85.55328187091219,58.38931485050263
2022-05-25,83.29522720298033,57.686603347426306
2022-05-26,83.07290052803022,57.523997892295654
2022-05-27,82.17546253534519,57.77637011520882
2022-05-30,81.65726741423389,56.518151677494814
2022-05-31,84.78418963936392,58.09348745524334
2022-06-01,84.79840759448702,58.16208327033917
2022-06-02,84.72691780327267,57.445480887178874
2022-06-03,84.88995773662597,56.38623090986537
2022-06-06,86.84794514434405,56.66716349809807
2022-06-07,83.04759378149194,57.65462837473094
2022-06-08,83.44424755584542,57.216184712928005
2022-06-09,81.80500441447097,55.847388245024575
2022-06-10,80.62559332536293,56.42206529900893
2022-06-13,81.62736334847584,55.88059959518883
2022-06-14,83.25895088631268,56.32601858941699
2022-06-15,84.17284540467809,55.7081804542951
2022-06-16,81.9404040327898,54.569261816859076
2022-06-17,82.52780689737669,55.42432285872008
2022-06-20,84.26333236960043,55.20855987062208
2022-06-21,84.58569095992817,54.476532817440535
2022-06-22,84.69886544433957,55.67460048721785
2022-06-23,85.51880679339706,56.073163869138135
2022-06-24,86.11846577976296,57.86668622630051
2022-06-27,88.43378653971259,59.348892071468626
2022-06-28,87.00926839286437,58.118029899320476
2022-06-29,87.38006322923773,58.79943668869858
2022-06-30,88.21831965185271,58.03870956468338
2022-07-01,87.06393656463844,57.33677183334663
2022-07-04,86.11013541650141,57.192847809588045
2022-07-05,84.58698946732825,58.29934057645104
2022-07-06,83.99348021593737,56.91152647751113
2022-07-07,84.55228204858206,55.122373919847796
2022-07-08,83.12975342773227,52.39076081508121
2022-07-11,83.90171648233301,54.42610508179171
2022-07-12,83.21937330140503,54.67643351744359
2022-07-13,80.42878472893084,54.57799702144322
2022-07-14,79.21555327223983,54.11658831464914
2022-07-15,77.16965315735256,54.520919638851865
2022-07-18,77.51485416425813,55.653687984568734
2022-07-19,79.12652587657212,58.20745104487027
2022-07-20,77.97494228521576,58.063394823306716
2022-07-21,78.47684052783437,58.83923478795114
2022-07-22,77.2279757906688,57.90092079413289
2022-07-25,75.69906161003415,57.54558251680214
2022-07-26,76.59025667959304,56.49228172396844
2022-07-27,76.67265090078568,57.31536555127055
2022-07-28,75.0511277458926,57.43746888562907
2022-07-29,73.47070178250884,58.153226101905254
2022-08-01,75.12939792812494,57.87359220394812
2022-08-02,77.08702825796227,57.834971034865106
2022-08-03,77.11058949115359,60.09348069950976
2022-08-04,76.17006487066783,62.12602867506799
2022-08-05,77.54823426675821,64.55071113787906
2022-08-08,77.57546688848109,64.8934325225088
2022-08-09,77.42140026253364,65.94579895049367
2022-08-10,76.61948581770955,66.03883841752949
2022-08-11,75.59309139205423,66.50405489633273
2022-08-12,74.18216641325546,66.07796190303422
2022-08-15,73.8351610893777,65.63549508507664
2022-08-16,71.78526803933288,66.3211017372278
2022-08-17,72.6804503940626,64.42335378551229
2022-08-18,74.50430985991996,66.13961434407376
2022-08-19,73.88947257288217,67.39918281161404
2022-08-22,72.26716891826612,66.99496383775087
2022-08-23,73.26769743732339,69.82468770734282
2022-08-24,76.06476767776097,72.51864474361868
2022-08-25,77.62118219594994,71.63463242967975
2022-08-26,76.83275859916594,71.4714841469527
2022-08-29,75.81174758210548,70.30144318200986
2022-08-30,77.37421912158683,67.52020813738467
2022-08-31,76.19309726550391,67.66332540846301
2022-09-01,77.21377608451544,66.64743648296002
2022-09-02,77.49854062874736,65.8111220682944
2022-09-05,77.98948540504212,67.64972361788789
2022-09-06,77.91736446183931,67.24393640322961
2022-09-07,74.58427721828023,67.41160094530515
2022-09-08,77.8425376350281,68.22117451473821
2022-09-09,78.30917244886047,69.00190056761335
2022-09-12,78.67301301154494,69.33826707442901
2022-09-13,77.9351896734864,68.77769996673034
2022-09-14,76.61795370991557,69.55182188966364
2022-09-15,75.37869792166477,70.9733432838316
2022-09-16,75.5881806182476,70.68926081813369
2022-09-19,75.85440687010497,70.96004445476072
2022-09-20,76.71826630312299,70.2989536902554
2022-09-21,75.88548499869869,68.61346761281598
2022-09-22,76.42656734345414,66.27430155922052
2022-09-23,76.53131700629807,66.61189347145536
2022-09-26,76.28928063097746,66.04225886722715
2022-09-27,75.3917215993768,66.80653383963111
2022-09-28,75.34118728665045,65.46518567138783
2022-09-29,72.9916603977961,65.68265711629576
2022-09-30,74.47079311726097,65.8969927454413
2022-10-03,73.31273415518206,66.78995539532957
2022-10-04,73.48035954626796,66.81606681153954
2022-10-05,74.41448881418339,64.91470784713366
2022-10-06,71.02100302298672,64.33144814020712
2022-10-07,68.91006625076389,63.63179110437313
2022-10-10,70.39186689958413,64.17373925843899
2022-10-11,69.34526662283517,64.42920726475367
2022-10-12,67.88450232842887,63.9588030707191
2022-10-13,68.65227536916746,64.13151352496278
2022-10-14,70.79255132430013,62.816866802036934
2022-10-17,72.80446340872294,64.560766813373
2022-10-18,72.32035014682143,66.65386828738202
2022-10-19,70.27562878341381,65.8924816933978
2022-10-20,70.03404744326883,66.01804419198562
2022-10-21,71.12446493498658,67.78508988984935
2022-10-24,72.30862912360301,66.96362023517484
2022-10-25,71.42553308506534,64.42485946965134
2022-10-26,68.54567485534183,64.88156595784176
2022-10-27,66.19895138746358,64.03492865304892
2022-10-28,66.58880572561276,64.60244024209011
2022-10-31,68.6239733800173,62.891335751411134
2022-11-01,66.32806978562533,61.620081966157734
2022-11-02,65.44287088008352,60.06673805771624
2022-11-03,65.7107449184522,61.1211890059328
2022-11-04,65.97454367171218,60.561594038950965
2022-11-07,64.13107936315897,59.12647972159938
2022-11-08,63.73882354110772,59.22815066175686
2022-11-09,61.27952735029578,61.42776194676043
2022-11-10,60.49797204199118,61.346639560384325
2022-11-11,60.503265811572334,61.31524475197596
2022-11-14,60.858836273509375,62.3294080211064
2022-11-15,62.27084604495735,61.550975340137434
2022-11-16,62.234974551015696,61.354326104987884
2022-11-17,62.59490437385312,62.69601263787356
2022-11-18,62.12034353082531,63.86498414013722
2022-11-21,64.317353303187,63.680264152169585
2022-11-22,65.40357193885717,63.74769892796301
2022-11-23,64.48908096269578,63.36425150342382
2022-11-24,64.6601990603677,61.776108945514714
2022-11-25,66.8065045562058,61.883629003848284
2022-11-28,67.47242374410176,62.28143736466293
2022-11-29,68.2417242436352,62.61585508090244
2022-11-30,66.04066272483374,62.854887748953196
2022-12-01,66.65279534049643,61.82381811565059
2022-12-02,68.03129428463382,61.30193571341482
2022-12-05,67.785746460474,59.414999233847844
2022-12-06,67.95932714592294,56.32257932816669
2022-12-07,66.4784013391902,56.58633969217958
2022-12-08,67.27394408403104,55.343975787957554
2022-12-09,67.80728495251238,55.57318711167236
2022-12-12,67.34003684503017,55.495409187836216
2022-12-13,66.70373092163328,55.323531585208336
2022-12-14,66.17368707786807,54.93573981853542
2022-12-15,63.44709841792325,55.818626728795145
2022-12-16,62.0441454175936,56.28538253094808
2022-12-19,61.14163746889802,55.422760116287904
2022-12-20,61.250116707692854,53.343482382580014
2022-12-21,61.20836526245379,53.75298479827269
2022-12-22,60.21885015916308,53.91127274923428
2022-12-23,59.15623932231871,52.6331729926921
2022-12-26,59.881210883703346,52.23588868521067
2022-12-27,61.834666875955065,52.00939403439915
2022-12-28,60.58427569192668,51.209465199432245
2022-12-29,61.14568763458032,50.987707326421784
2022-12-30,61.04108921460505,51.51485838975947
2023-01-02,59.51599793864961,51.15675297754154
2023-01-03,59.42658587991908,50.311460530392786
2023-01-04,58.79969764963057,50.57803659295438
2023-01-05,59.65954887311077,51.516518716190596
2023-01-06,59.85962080547061,51.550615124272056
2023-01-09,61.68566861395548,51.75364717364104
2023-01-10,62.257941667488865,50.499666759843294
2023-01-11,62.42400935269532,50.213988625118596
2023-01-12,63.498311531842965,50.12078720311132
2023-01-13,62.378201731227314,51.25676025074505
2023-01-16,62.515401109117235,50.73930691422977
2023-01-17,62.493489219707314,49.58669805530788
2023-01-18,61.52849661819669,50.45449812091999
2023-01-19,62.51003155380275,50.12421893985834
2023-01-20,61.10224908730485,50.89358334141325
2023-01-23,61.1452833087303,52.523453401756875
2023-01-24,61.71256542010182,52.36463393184615
2023-01-25,61.603433257278574,51.3472559531954
2023-01-26,60.593340955840425,51.28916711570616
2023-01-27,61.04727599447791,51.569404178728455
2023-01-30,61.85587717466723,51.93066996255545
2023-01-31,61.38556599224814,50.785300548875604
2023-02-01,62.40247540469006,50.04177341122003
2023-02-02,63.4704457276959,50.123517105417136
2023-02-03,63.678998761960436,48.05630182487573
2023-02-06,64.62377661940558,49.58795252693854
2023-02-07,63.65431342550164,49.35822866400596
2023-02-08,62.20601073838346,51.81989473001734
2023-02-09,62.2223275965511,52.08790771023322
2023-02-10,63.006831305205544,51.79202657259637
2023-02-13,61.98991951601601,49.057638015257076
2023-02-14,63.954217695921294,50.37398856048392
2023-02-15,63.57065797348622,49.86343568148377
2023-02-16,64.28014130394548,49.56541660016094
2023-02-17,65.01426195870114,48.330986942618246
2023-02-20,66.09010238461306,48.8902120060841
2023-02-21,67.71854445763839,49.034043408750165
2023-02-22,67.55410027217007,48.764706411663155
2023-02-23,66.69985223288016,48.49555417437424
2023-02-24,67.00290094979454,48.656678433065046
2023-02-27,65.59288916156338,47.865688709233986
2023-02-28,66.20368721102362,48.072035861408644
2023-03-01,67.95083551749441,48.01753070670573
2023-03-02,68.1282264205193,46.643709979989715
2023-03-03,69.2647450770339,46.423478497519774
2023-03-06,67.55190052366734,48.038234657482406
2023-03-07,67.64117482697294,48.09558453116164
2023-03-08,67.5360175896515,46.70667056172913
2023-03-09,66.46494527766897,46.12783875806275
2023-03-10,66.64773164739421,46.18086264971394
2023-03-13,67.53140951827115,45.081269374769434
2023-03-14,67.28730642363723,43.98792012339389
2023-03-15,68.57379807847873,46.52898477699853
2023-03-16,68.71352088914244,47.0076555110167
2023-03-17,71.61324457165433,46.24253704268084
2023-03-20,72.48351715151873,45.70860473867736
2023-03-21,72.86777079238854,46.75924313951882
2023-03-22,71.73909085503715,47.15507999162889
2023-03-23,71.84965755809367,48.036799518746555
2023-03-24,72.30741881416952,47.86679796542589
2023-03-27,72.06210164114137,47.43490574510545
2023-03-28,71.96954096943091,45.414048834451755
2023-03-29,72.50165872938042,45.379663513913556
2023-03-30,72.4166809256709,46.35356164649026
2023-03-31,73.89034205633628,46.187586016438495
2023-04-03,73.35025469941844,45.355816919530085
2023-04-04,73.74141677427983,46.965751395982906
2023-04-05,72.57373477829614,46.496053687359414
2023-04-06,73.7728828694519,46.55771123306153
2023-04-07,75.0923389316537,45.71110268667344
2023-04-10,73.1904973108494,46.07850009433787
2023-04-11,72.43818976354446,45.398665241411116
2023-04-12,71.57392156082375,45.90807681718299
2023-04-13,73.17270985318163,46.37802807550007
2023-04-14,73.03968768642324,46.26076786903031
2023-04-17,73.92579013520515,45.95601848307378
2023-04-18,74.023823806212,45.402447063281926
2023-04-19,73.23608050735996,46.13411550552446
2023-04-20,73.75385829050339,46.70877502073999
2023-04-21,73.61744824513553,48.03659486183709
2023-04-24,73.18494393553934,47.5413539128496
2023-04-25,72.83839012331443,47.822834314583545
2023-04-26,70.7035191163567,48.85731941865076
2023-04-27,71.3932295210981,49.164847625128786
2023-04-28,72.18406774034413,48.63707256506168
2023-05-01,72.72841603172266,49.59936064683136
2023-05-02,74.10393088341964,50.568124834338505
2023-05-03,73.57947108736505,50.704925111777314
2023-05-04,74.7731273614655,50.72021068640048
2023-05-05,73.55890036062512,49.59469492657283
2023-05-08,76.36516195449026,49.841296960708085
2023-05-09,74.82453107051272,50.0952063128854
2023-05-10,73.9319618287142,48.82403142113852
2023-05-11,75.98357333344711,48.40658889511056
2023-05-12,76.56846465523793,48.578313233808174
2023-05-15,73.61675408315239,47.38292648358092
2023-05-16,73.91728245504545,46.223623264105
2023-05-17,76.87485780223324,45.55172433960709
2023-05-18,76.91236920170138,45.591409870922014
2023-05-19,75.75969646136468,45.303624561532644
2023-05-22,75.51981375863924,45.156547954435574
2023-05-23,74.40445041069587,46.484376886095504
2023-05-24,73.20806628680639,47.90759318649488
2023-05-25,72.2905614268791,47.394738988100386
2023-05-26,70.70311576990692,48.87519122740624
2023-05-29,70.2708498920478,48.71679869352783
2023-05-30,71.56224245955892,47.716126539953976
2023-05-31,74.84617036322658,47.545044255526065
2023-06-01,75.86700533476457,48.805225953460535
2023-06-02,75.09261555207611,48.35705125117186
2023-06-05,76.80422309981932,49.74252466365998
2023-06-06,74.25485743182716,49.62056215706151
2023-06-07,74.0992167981779,49.614212931856116
2023-06-08,76.49653820491696,49.381317912252406
2023-06-09,76.03688367093186,48.4819082580216
2023-06-12,79.28767729486157,47.744129978973184
2023-06-13,83.22232554663879,47.14184482168487
2023-06-14,84.18381208013079,44.84678340085211
2023-06-15,83.52504220594275,44.91375892800525
2023-06-16,84.18809832055369,43.38700071958619
2023-06-19,84.27970412206787,43.912367456003196
2023-06-20,83.80582617535013,44.082409258952076
2023-06-21,83.25724779032373,43.8318363002578
2023-06-22,84.26244046320109,43.409459492924725
2023-06-23,82.7889924155512,43.27422688508097
2023-06-26,84.72851395357293,42.75799272763691
2023-06-27,82.98662562109902,42.512301440049775
2023-06-28,80.5526694357766,42.31487743158129
2023-06-29,80.81195003153651,42.533073989748885
2023-06-30,80.46094643544853,41.99218160512101
2023-07-03,81.98367436802866,42.03712309919605
2023-07-04,82.07169967222715,40.13617981857171
2023-07-05,83.40592232022159,40.26520309259105
2023-07-06,81.36901566346671,40.522246492202505
2023-07-07,81.32450600703297,40.04504883507511
2023-07-10,82.7054776584898,39.911452062541265
2023-07-11,83.42947436016172,40.394292547348996
2023-07-12,82.43375006353055,39.6852084266026
2023-07-13,84.55837941387162,40.00320327159125
2023-07-14,83.82892688784507,38.96165584054271
2023-07-17,86.25949393526665,39.82980628455756
2023-07-18,89.16915439181415,39.05825739557874
2023-07-19,89.21287618077055,38.54526406650815
2023-07-20,87.25585065567182,37.849991938702075
2023-07-21,89.33657385370077,38.74406777239642
2023-07-24,90.04297490739482,37.4109930995891
2023-07-25,90.51743914391841,36.52688867510582
2023-07-26,89.0699520038149,36.13323044539467
2023-07-27,86.35945772105543,37.43272191107878
2023-07-28,85.86063479103238,38.080153042289226
2023-07-31,89.25058346212698,39.1558098309265
2023-08-01,88.23169925480204,39.87181935915313
2023-08-02,87.86220048498848,40.792104335284606
2023-08-03,87.71430915342154,39.78289789755694
2023-08-04,87.70872295802455,39.87353375060086
2023-08-07,89.22933218408583,40.63903475111815
2023-08-08,92.08575421017132,42.07728520232399
2023-08-09,92.56477754075217,42.357414240967934
2023-08-10,95.65874531100641,41.483761822131264
2023-08-11,93.5411444550973,41.66852104101866
2023-08-14,95.23271222545657,41.377356078277174
2023-08-15,95.05533608796624,41.62862620935737
2023-08-16,94.19270682144186,43.26323158770336
2023-08-17,90.83388822658208,44.40166768086811
2023-08-18,89.91677548971414,43.046300040357345
2023-08-21,90.7172121436097,43.31767324777304
2023-08-22,91.55382147350768,43.29936485466095
2023-08-23,90.40807160835851,42.193345261941936
2023-08-24,93.96874856784711,42.445318520554416
2023-08-25,95.85443702332984,42.99644123539471
2023-08-28,96.94451541001688,43.248780848795576
2023-08-29,99.51411106563197,42.276212376848726
2023-08-30,103.05530063766736,43.19482093273867
2023-08-31,104.73853413952519,42.6527532356249
2023-09-01,103.71535510345078,43.368265364480926
2023-09-04,102.91450977809552,42.79192532348475
2023-09-05,101.66956267508405,41.938939924752844
2023-09-06,100.85405177267769,41.46200253851522
2023-09-07,103.83702131456542,41.87354433726142
2023-09-08,103.37403999913496,43.086970813834775
2023-09-11,101.3062916207356,43.31389164161518
2023-09-12,102.3808289860706,41.88976350152994
2023-09-13,104.04816863510057,41.97907706730577
2023-09-14,102.82081953421431,43.303612184113845
2023-09-15,103.22644504122991,43.16563045885598
2023-09-18,101.39944745969883,41.43731390262767
2023-09-19,100.49664724961374,41.85315866500621
2023-09-20,101.25173734313483,43.58291190058017
2023-09-21,101.79199423510951,42.73173139788866
2023-09-22,99.57498627337161,44.591295124218256
2023-09-25,97.2794887063944,44.64671241796682
2023-09-26,100.46693718781307,44.95659880978523
2023-09-27,100.98103437325922,45.29411238604408
2023-09-28,105.28062627331562,46.50121415329272
2023-09-29,108.2148013893692,47.475457624493274
2023-10-02,108.49865291569523,47.90731633808206
2023-10-03,108.4870669697684,47.46296815246088
2023-10-04,107.31462308270478,48.4517710164687
2023-10-05,105.84734771737585,47.49985346701366
2023-10-06,106.35295457486399,47.72764765255755
2023-10-09,108.22154652621376,47.303991992229925
2023-10-10,108.67113499731526,49.394280292777516
2023-10-11,110.29302344239325,49.020042818924715
2023-10-12,109.84622193086248,49.86820224892114
2023-10-13,110.65276645558149,50.068354036501155
2023-10-16,108.35126803583177,49.125638444132775
2023-10-17,107.01670561486365,48.86046513575043
2023-10-18,105.06342774532943,49.63940184874018
2023-10-19,108.34123610677533,49.69124759326149
2023-10-20,110.21058081147625,50.00606221510862
2023-10-23,103.28002486985982,49.04659186724272
2023-10-24,107.89582943422467,48.730685335411366
2023-10-25,106.5638956309258,49.394653604679334
2023-10-26,106.12997728869846,50.27268463923743
2023-10-27,105.46319565281982,49.74877232471121
2023-10-30,105.19327706716066,51.25718570670704
2023-10-31,104.7075355506155,52.61056755952681
2023-11-01,105.27451950225554,52.106650081203824
2023-11-02,104.90865653160674,51.564882626717726
2023-11-03,101.73505404692101,50.98747279639941
2023-11-06,102.49343119400771,50.153323385467345
2023-11-07,101.78684221916478,50.52459793646803
2023-11-08,100.06744939952613,50.62858726675181
2023-11-09,100.84967200995973,50.21944544626689
2023-11-10,102.96589649089226,50.30331787409663
2023-11-13,105.1821613660197,49.87222502390374
2023-11-14,102.75388423019805,49.679976512055035
2023-11-15,105.14041003810291,48.75920641579865
2023-11-16,102.45328404894329,49.82691688046341
2023-11-17,102.19786441506774,48.850298286450794
2023-11-20,102.9955468056635,47.73953693843077
2023-11-21,101.7622222536214,45.38448948479206
2023-11-22,100.24801140889166,45.909519323108924
2023-11-23,100.39799059058463,45.1669724934409
2023-11-24,99.03972848780208,44.218296014038785
2023-11-27,101.38634151655414,44.88018692302575
2023-11-28,100.42857461899482,45.830778046072915
2023-11-29,100.17142879835487,45.59580603274357
2023-11-30,100.14644892675892,45.841784171877194
2023-12-01,99.69408533466213,46.409826664512494
2023-12-04,100.94289831397778,46.37409702022128
2023-12-05,101.75846359831547,46.23539532883006
2023-12-06,106.50440461731584,45.271603799050744
2023-12-07,108.8360791621444,45.793882752509255
2023-12-08,109.09724562773866,45.40939668054238
2023-12-11,110.01283422481583,43.568403658920126
2023-12-12,111.18412978051934,44.84316579491867
2023-12-13,109.60996872673698,44.894773418066805
2023-12-14,109.21870106735544,45.829140375809104
2023-12-15,112.2073423841438,46.78638970153796
2023-12-18,110.71442931269877,47.977892194816846
2023-12-19,110.89219223039345,47.52942552229289
2023-12-20,110.54629339809127,46.862598904306815
2023-12-21,110.12084876234957,46.18535116274292
2023-12-22,112.15826604747417,47.34054910965208
2023-12-25,114.01308868924244,46.26174397184192
2023-12-26,113.34358733423224,44.99223079443954
2023-12-27,112.67353806360127,45.51482233361665
2023-12-28,113.12218620194187,45.703441016368
2023-12-29,114.53781279582395,47.08570871443963
2024-01-01,112.3206556787537,47.138534156760215
2024-01-02,111.75190686004353,48.020318281092855
2024-01-03,109.1636994969157,48.537156666044964
2024-01-04,111.42218933214839,47.38416000473134
2024-01-05,111.19619108962215,47.0058488862095
2024-01-08,114.19214109314503,45.707600028513674
2024-01-09,112.7057664441024,46.06779278591034
2024-01-10,112.37885248570309,46.56939676323387
2024-01-11,115.78068901687516,46.37030120218387
2024-01-12,116.29175532870488,46.12744791992277
2024-01-15,115.5302804068625,46.454340020350394
2024-01-16,117.58502817328447,45.021497351205596
2024-01-17,115.47100564204385,44.63089266219942
2024-01-18,114.72426924756482,44.40574568374241
2024-01-19,113.25193477397116,44.46937396162718
2024-01-22,107.82771512101256,44.007472714848866
2024-01-23,106.9316040615557,42.81808156641808
2024-01-24,106.23134320665429,41.90000281312816
2024-01-25,103.52738355977705,42.19540556388661
2024-01-26,104.39927891733943,40.71537264535964
2024-01-29,105.51349398033167,40.18271632827887
2024-01-30,106.68490733662095,38.95325881193011
2024-01-31,106.8348839542565,39.09881570587333
2024-02-01,110.44231647265423,39.15544054493879
2024-02-02,110.47744553600302,39.41320227294707
2024-02-05,109.30745379559818,40.33249659969667
2024-02-06,109.58091418024337,40.14606841356426
2024-02-07,108.24970458660512,39.29185300030362
2024-02-08,107.20037382595179,39.17977690154444
2024-02-09,107.55457156640266,37.879428029121314
2024-02-12,107.13297460735798,36.131722691757275
2024-02-13,109.66663735059883,37.23442728176453
2024-02-14,109.1235774298278,36.74135879898391
2024-02-15,108.85779594702674,36.54803124719639
2024-02-16,110.22968799235554,37.57888286241396
2024-02-19,111.26652124571793,37.87537721266234
2024-02-20,113.50180832452628,37.289991347963145
2024-02-21,108.04638783388685,37.05401465346911
2024-02-22,109.36845685167748,36.657148778258495
2024-02-23,110.98637014867971,36.37707926545055
2024-02-26,112.14177846048163,36.62818362322535
2024-02-27,109.6521111917828,36.18839370367413
2024-02-28,111.66575424560963,35.86287034538519
2024-02-29,111.85184391140392,36.566522544653864
2024-03-01,111.93025025389043,35.16987947185292
2024-03-04,113.61058959008479,34.54292294967939
2024-03-05,111.95961250255718,34.7433780136736
2024-03-06,111.53062095192378,34.65031161841307
2024-03-07,109.59422420019182,35.08731324148381
2024-03-08,106.13290669854608,35.00975590315758
2024-03-11,109.85743338773409,35.44187029227254
2024-03-12,114.0068185123996,35.22351689304702
2024-03-13,118.671639793877,35.485579112487386
2024-03-14,120.82373820329107,35.46725516908477
2024-03-15,117.75708256424855,35.879926410408046
2024-03-18,117.89794282789579,35.52948406043374
2024-03-19,118.00546872142581,35.96709382935452
2024-03-20,119.09634495222882,35.65113542269519
2024-03-21,117.20220257494442,34.69355828997271
2024-03-22,119.66087687553717,35.03805923445708
2024-03-25,118.79054862695625,34.8261511477364
2024-03-26,118.70599313835282,33.93305296472654
2024-03-27,120.95476121833728,33.725956552814054
2024-03-28,118.71114424815448,33.54327885614728
2024-03-29,122.26756457012247,33.24664776274725
2024-04-01,119.05153659248843,33.1002331518777
2024-04-02,117.33680478449301,34.42329184571452
2024-04-03,119.08358401971633,33.716905871929534
2024-04-04,119.1721736664777,32.44440878523971
2024-04-05,120.62224407613589,31.60356531490212
2024-04-08,116.73801409319474,31.720968935385134
2024-04-09,117.90005820942856,30.918373061673528
2024-04-10,116.27915408729275,30.228541969010124
2024-04-11,116.79439143802246,30.790347921633945
2024-04-12,116.61640475668821,29.97166868821204
2024-04-15,114.96677165818211,29.46053436473202
2024-04-16,115.41104982921952,29.179150547542847
2024-04-17,113.19521014390723,28.910429038347
2024-04-18,111.09763796178406,29.125356009710927
2024-04-19,109.81192817066112,29.50335612163291
2024-04-22,109.48686350062414,29.629843956808948
2024-04-23,107.96230164071133,29.3843492414813
2024-04-24,107.4999643477028,29.555968685505423
2024-04-25,109.68625209546838,29.701573476733007
2024-04-26,105.92633365614016,29.92991233585805
2024-04-29,105.30212765515942,29.401267463403904
2024-04-30,104.48909432818118,29.927140081249018
2024-05-01,105.14807304653746,30.35180416750662
2024-05-02,103.74204468467934,29.7448022206904
2024-05-03,105.85047853522494,29.561100065880723
2024-05-06,106.54702262858305,29.530979648082102
2024-05-07,104.01083805289738,30.48477215812998
2024-05-08,105.37930885394418,30.55499605971306
2024-05-09,105.93100677898036,30.806049135004745
2024-05-10,106.27129282648588,31.333449978646392
2024-05-13,109.49419793171548,31.447493863634673
2024-05-14,109.80493529801133,31.52887334659756
2024-05-15,108.38932175419626,32.06508420562474
2024-05-16,107.16064741410375,31.719024202122302
2024-05-17,108.2227233458291,31.279812504665816
2024-05-20,111.6552011418226,31.594052706399303
2024-05-21,110.68270192075441,32.3545828140067
2024-05-22,111.59179296395293,32.23743674658719
2024-05-23,108.93196353241959,32.76938906399437
2024-05-24,107.48347090854193,32.711889537896255
2024-05-27,107.5248307064301,34.08249974078001
2024-05-28,107.2462781648077,34.77112076598902
2024-05-29,109.16963225140347,34.16335676799761
2024-05-30,112.71867175013868,34.07179610260454
2024-05-31,110.0548618660296,34.66483865990755
2024-06-03,111.48482724837396,33.294833367307646
2024-06-04,111.28611218519498,33.63065021782558
2024-06-05,112.51937779557973,32.97061920336775
2024-06-06,111.46520516643108,32.6719109650415
2024-06-07,109.6771196681823,33.67385022972529
2024-06-10,107.71982006880158,33.88823134572038
2024-06-11,109.46346970409843,34.107633789064806
2024-06-12,112.11213558479308,33.63559198429241
2024-06-13,114.5133939367659,34.373283327076095
2024-06-14,116.34279619542306,34.668094053296926
2024-06-17,115.65435180384625,35.02183958056546
2024-06-18,119.10376593101385,35.30919454554447
2024-06-19,119.32348123650996,35.26225009007199
2024-06-20,119.45784449572623,36.22240536506853
2024-06-21,117.83818397758806,35.974647305899744
2024-06-24,122.77960493040503,36.40486441023975
2024-06-25,126.61102352785781,35.99006992802452
2024-06-26,125.48648494630473,35.82729519250375
2024-06-27,128.21650229373483,36.65811939870421
2024-06-28,127.16180584162143,35.77439401028974
2024-07-01,126.49182569196773,35.41144213984742
2024-07-02,128.8453961161745,35.49078863280063
2024-07-03,128.7365941452536,35.21411996137997
2024-07-04,125.6064687484456,35.16295853067978
2024-07-05,124.286773358136,35.45645935938107
2024-07-08,121.33437840875698,35.479875042898385
2024-07-09,122.42041156520831,35.71249495950359
2024-07-10,117.62373021868648,34.7629514991587
2024-07-11,114.79945988754747,35.28203488534973
2024-07-12,118.88335094434449,35.993886914995244
2024-07-15,119.00754566511506,35.84533820357971
2024-07-16,116.99839047681986,36.20085962039128
2024-07-17,115.38072671686729,36.79450848400513
2024-07-18,115.6277568403855,37.4351357246387
2024-07-19,115.0068185722516,36.74982734239802
2024-07-22,114.76540873406194,38.222928880869745
2024-07-23,112.98901045796589,39.5571237278677
2024-07-24,114.0759426376232,40.066228679229354
2024-07-25,113.72741119879039,40.44463963302798
2024-07-26,116.13060045650708,41.64273312383022
2024-07-29,115.23114566442435,42.14425199886855
2024-07-30,113.64904510032447,41.941998762775135
2024-07-31,115.46050020938556,40.90117597247845
2024-08-01,113.29045215592481,40.18683169302959
2024-08-02,114.1443139740855,39.87943341424146
2024-08-05,115.02611999279881,39.7945725537387
2024-08-06,113.25598426173738,39.58107404500239
2024-08-07,114.05669576088602,38.9966171438592
2024-08-08,111.709346877472,37.53139647258388
2024-08-09,111.89490057061587,36.8749938991601
2024-08-12,109.08080832786598,36.61741645337158
2024-08-13,109.94426906435467,36.06699079348096
2024-08-14,110.94840783457978,36.382422607449634
2024-08-15,109.0807119151431,36.43276368451819
2024-08-16,110.0825389730506,37.318518454602625
2024-08-19,104.58215950434736,37.38117600717022
2024-08-20,106.61344581764722,37.63545318286363
2024-08-21,105.87072493612419,37.76669423925964
2024-08-22,106.21332036381725,37.34918957584889
2024-08-23,106.2767598269597,35.84493404310367
2024-08-26,103.39098413267924,35.51501451899954
2024-08-27,102.74620580362759,35.64172893080923
2024-08-28,103.33887810833545,35.46697606365506
2024-08-29,100.75685992047393,34.58063222643368
2024-08-30,100.22496996011888,34.97698324219735
2024-09-02,102.0459450918915,35.99508035167672
2024-09-03,100.53258940956749,35.74673870903506
2024-09-04,102.11581033469031,35.973954785209116
2024-09-05,101.39365918254273,36.32869477357582
2024-09-06,101.40365590502039,35.6532485046031
2024-09-09,101.75869256860672,35.44011431412515
2024-09-10,102.58757823141592,35.102106479638266
2024-09-11,100.844168536817,35.42688405578326
2024-09-12,102.31386638106775,35.59930839504887
2024-09-13,101.69828226993381,35.05763839062142
2024-09-16,99.61526484491523,34.762656271814485
2024-09-17,100.3614700919364,34.58168581977293
2024-09-18,99.80961123939468,34.32637485916733
2024-09-19,100.91669179142747,33.93513228269104
2024-09-20,103.18620324527943,33.130988561409445
2024-09-23,101.17972407371943,33.732526616504686
2024-09-24,100.50260039198123,33.65359064176569
2024-09-25,99.05547988598369,33.20223542725396
2024-09-26,99.35054077448319,32.777049681365924
2024-09-27,98.40838214864766,32.71589930804464
2024-09-30,96.13230653784542,33.49727537032152
2024-10-01,95.08238827890862,32.72173100307729
2024-10-02,95.17553273923721,33.11643507543131
2024-10-03,93.25100982634407,33.814921835388596
2024-10-04,90.57098678058128,32.740668811931
2024-10-07,91.34121999769656,33.813334019235405
2024-10-08,91.05349031542285,34.318046709933505
2024-10-09,89.61384614838363,34.327383123476764
2024-10-10,89.44374647953619,34.53976495382469
2024-10-11,89.64542525597433,35.220006448969066
2024-10-14,89.5957877901091,35.08044674753324
2024-10-15,89.1234197576738,34.7333578350147
2024-10-16,89.95082973013022,34.99447505787116
2024-10-17,90.1782443852245,34.5910079043206
2024-10-18,90.52746272961208,34.818432230139756
2024-10-21,89.36591738471878,35.26918440338418
2024-10-22,89.76695086963171,34.39421248598517
2024-10-23,89.67825570206229,33.645686338516064
2024-10-24,89.57407289012491,34.06134330364965
2024-10-25,93.72448435164972,34.32107709127549
2024-10-28,92.3733978470781,34.18005754904847
2024-10-29,93.79650882707644,34.73072163370218
2024-10-30,92.71127708198865,34.2571421085351
2024-10-31,89.98931231447554,33.25210339839943
2024-11-01,90.09935616782819,32.40823768370676
2024-11-04,89.7894643424893,31.777734021510422
2024-11-05,88.81885687818799,31.72670041037666
2024-11-06,87.42573372496192,31.716520566393754
2024-11-07,88.68870105693752,30.775150118600664
2024-11-08,87.6775865533499,31.007897246394457
2024-11-11,88.12212653242302,31.017136794654533
2024-11-12,86.44470254810582,30.661801798934654
2024-11-13,88.94587587047955,30.875823752191035
2024-11-14,85.94129083301898,30.67475002434076
2024-11-15,85.5921120331305,31.13443114687558
2024-11-18,87.32566177179463,31.65987669607831
2024-11-19,84.19925539289697,31.32423121287697
2024-11-20,83.98112188535214,31.96396638640584
2024-11-21,84.67388419678099,31.079822746352455
2024-11-22,82.88459724697032,31.60078426651179
2024-11-25,83.70497770580477,31.36985133676347
2024-11-26,83.11435216680633,31.06817119017985
2024-11-27,80.33118935226486,31.91979849573038
2024-11-28,81.49723264894448,31.85614018733122
2024-11-29,82.98603333182491,31.691475154349018
2024-12-02,82.44581306832947,31.58856705074203
2024-12-03,81.71493090368399,30.88892144440538
2024-12-04,82.46430642465367,29.294758054099372
2024-12-05,81.60448201099368,28.49178055249094
2024-12-06,82.007689542699,28.14327106813321
2024-12-09,83.38511116971584,27.974823680385075
2024-12-10,83.72958374450215,28.565253307025717
2024-12-11,83.74642739695211,27.727180678600345
2024-12-12,84.02653122942074,28.713658220687712
2024-12-13,83.3029040045082,28.508322016902678
2024-12-16,80.96364600784572,28.781018156994925
2024-12-17,81.15704323093283,29.184130876334073
2024-12-18,81.46768767340207,29.171238745349246
2024-12-19,78.79171444495654,29.70975946367323
2024-12-20,80.55714682759894,28.782629055181346
2024-12-23,80.56566578027805,28.052448479448014
2024-12-24,80.91555903450505,28.567201875336398
2024-12-25,81.14146438828138,28.33695655022835
2024-12-26,80.74527962568204,28.429605877686907
2024-12-27,78.70886629977659,28.57748744259731
2024-12-30,78.61297517403474,28.25385024044694
2024-12-31,79.69180527154948,28.488146099320975
2025-01-01,77.16818132341739,28.682772349947008
2025-01-02,77.03390136213974,28.86718822145646
2025-01-03,76.96245093448337,27.74231616279219
2025-01-06,78.14430639939036,27.641051817198107
2025-01-07,80.35352268638123,27.433834928427917
2025-01-08,81.19337498084967,27.311413440240056
2025-01-09,82.5213670836811,27.770938295896197
2025-01-10,81.48943793646332,28.277380494009414
2025-01-13,83.34247252263381,27.95649650857332
2025-01-14,85.08074382201045,27.758814026929
2025-01-15,84.18875058959328,27.74512106411555
2025-01-16,85.15689282371865,27.410025816661886
2025-01-17,83.72241535045275,27.878416625778065
2025-01-20,85.8665405117308,27.178807711940216
2025-01-21,82.57703252626943,27.220164428497192
2025-01-22,82.41093757255435,27.238890547865577
2025-01-23,83.87292121579945,27.270977020281908
2025-01-24,84.25522683572008,26.88785175448526
2025-01-27,85.0867924264126,26.94417601390421
2025-01-28,84.59821082790275,26.656204945849304
2025-01-29,83.5797991781919,26.565077108956203
2025-01-30,83.23379943592465,26.175426814482083
2025-01-31,81.51132901596279,25.281558776501786
2025-02-03,84.22655375114269,25.53563645678879
2025-02-04,84.41283349322359,25.1708797273459
2025-02-05,85.63156446140037,24.524293665331363
2025-02-06,84.76044560544355,24.908682637998993
2025-02-07,86.78499321991157,24.466494324463305
2025-02-10,87.47877056243424,24.51716225870637
2025-02-11,91.06682221664657,24.05925014812458
2025-02-12,89.46470798199837,24.58530152241184
2025-02-13,89.84805464548094,25.120956002305523
2025-02-14,90.26378821526818,24.41399639398064
2025-02-17,88.69254699624557,24.769302699342468
2025-02-18,86.2156553531035,25.662163870282377
2025-02-19,85.20001023508146,25.822756899684023
2025-02-20,88.70618442534843,25.504352463955644
2025-02-21,87.96665938405908,24.754161649061384
2025-02-24,88.5315852840928,24.72454046618691
2025-02-25,87.53334180545068,24.07290662692744
2025-02-26,86.53655430832896,25.47013700426327
2025-02-27,87.53949949569144,25.819536580857203
2025-02-28,88.44994132767066,25.24584554721797
2025-03-03,88.11713853188576,25.964976538895737
2025-03-04,89.30167179978518,26.16370396373924
2025-03-05,87.18004329140587,26.32514505988084
2025-03-06,86.62045307875844,26.203809315023097
2025-03-07,82.67098066106806,26.28836686470073
2025-03-10,81.04420546555492,25.77061358044998
2025-03-11,79.00603386328106,25.54437626133602
2025-03-12,81.20294342599192,24.877488074639082
2025-03-13,80.565992848889,24.5250395977527
2025-03-14,80.35288751303945,24.813152602276833
2025-03-17,79.9428213489114,24.589184636292607
2025-03-18,83.1828282010517,23.889767858396134
2025-03-19,84.03751521136661,23.903323187404087
2025-03-20,85.1471612893796,24.402684043648787
2025-03-21,84.7740707282315,23.89300705174376
2025-03-24,84.26804717029258,23.938668852393334
2025-03-25,85.18710831468042,24.447557749553752
2025-03-26,84.66616571947186,24.917365057831866
2025-03-27,85.89994189118958,25.714585105886762
2025-03-28,86.70435745177943,25.937846354288997
2025-03-31,84.00557209342388,25.862712196241507
2025-04-01,89.18403858890957,25.687832358379907
2025-04-02,89.28542276139633,25.368791449903362
2025-04-03,92.22983818625096,25.18391415567539
2025-04-04,94.01509188602222,25.76889164076088
2025-04-07,94.67220191462611,25.671305796362255
2025-04-08,97.9162787734992,25.59645383742874
2025-04-09,96.44220329368724,25.3592821730346
2025-04-10,92.49692480510991,26.19384415678233
2025-04-11,95.93596416724164,26.289987882486066
2025-04-14,98.42034372876495,25.77824965312885
2025-04-15,100.91337585076239,24.56478095954882
2025-04-16,100.15552282291145,25.113499075155833
2025-04-17,100.87828068874597,24.806540815971037
2025-04-18,101.52872829766865,25.196083175694394
2025-04-21,100.82015717575091,25.340247124580355
2025-04-22,101.92024344130239,25.20063100934432
2025-04-23,99.85671239247444,24.694319880189518
2025-04-24,99.48991950036044,24.363160368135876
2025-04-25,97.46576699784126,23.672841404165908
2025-04-28,95.46480884207163,23.303108588430703
2025-04-29,93.73450727867433,23.601723720470677
2025-04-30,91.66286259550805,23.097720019848705
2025-05-01,93.30959337735773,22.428878771170616
2025-05-02,93.64490769813531,21.99455882718115
2025-05-05,95.73164077206545,21.799456432888245
2025-05-06,97.48968439956546,21.60428190831468
2025-05-07,96.13861924412831,21.42468357259762
2025-05-08,99.4595108729849,21.38050676165074
2025-05-09,99.16282640418292,21.331820200443744
2025-05-12,99.64533780491662,21.000054460654518
2025-05-13,100.59169001542301,20.83785544812053
2025-05-14,101.01126954131382,21.32137275029789
2025-05-15,98.2461668653734,21.9031215819557
2025-05-16,97.26628740086808,21.648585669043786
2025-05-19,96.00259681366757,21.42370690383401
2025-05-20,94.12980723759398,21.250173921914683
2025-05-21,94.08367348154358,21.079052777059598
2025-05-22,93.1617926015499,21.141241089638424
2025-05-23,91.60508552355131,21.453822489345804
2025-05-26,93.3094517146016,21.809482508786452
2025-05-27,92.77963561518402,22.064771091738187
2025-05-28,91.66736505139328,21.76007420927487
2025-05-29,94.6894287454428,22.001065476876295
2025-05-30,93.30471093071293,21.882906473808543
2025-06-02,94.7176712312994,21.459988391988066
2025-06-03,94.31434462340968,21.821239306810803
2025-06-04,94.31909180658869,22.435852200678532
2025-06-05,97.80118271407039,22.57011376583461
2025-06-06,97.2845639608825,23.40148040123624
2025-06-09,98.64368765430753,23.282144346269774
2025-06-10,100.8803931368528,23.277987633787987
2025-06-11,100.65989940011667,23.509104873131808
2025-06-12,101.16785918332909,23.463135270641455
2025-06-13,102.05207994803801,22.560581856784427
2025-06-16,101.05340695721817,21.87723788062808
2025-06-17,103.04946357023796,21.405320748549286
2025-06-18,103.34466387799847,21.812992329979682
2025-06-19,101.61491138673057,20.987986764376366
2025-06-20,102.4669686555102,20.98159925625126
2025-06-23,105.48591911717182,21.516384289071546
2025-06-24,107.03037301685691,21.22815396114631
2025-06-25,103.3389800034028,21.388478962080317
2025-06-26,102.52932119291121,20.76438464055236
2025-06-27,96.74759784246038,20.50542598336313
2025-06-30,97.34334318451963,20.1011413703263
2025-07-01,101.31569857288916,19.723059937553614
2025-07-02,101.95261397450878,19.486655301714706
2025-07-03,102.46854209375687,19.466559499822306
2025-07-04,103.12410602841155,19.62822301757048
2025-07-07,103.49676084578648,19.442671195017
2025-07-08,104.37385901859001,19.227924242936442
2025-07-09,97.91122572829131,19.25181996641884
2025-07-10,99.07210936650479,19.302296602810287
2025-07-11,99.89958880194884,19.905792773141673
2025-07-14,100.62004298408051,20.201160862426306
2025-07-15,100.31693958497726,20.168546358542603
2025-07-16,98.94301146908155,20.474903168248943
2025-07-17,100.43800121664187,20.837623340216645
2025-07-18,100.17815608170248,20.51498865291868
2025-07-21,98.06218797920462,20.528748765648185
2025-07-22,98.04508181799353,20.69862193134176
2025-07-23,97.33045009602743,20.68679704732079
2025-07-24,101.2498054419928,20.062910239653032
2025-07-25,97.91638334727726,19.764574570952675
2025-07-28,99.33966705708869,19.523671683618613
2025-07-29,102.8744510936549,19.220545370544635
2025-07-30,98.36654192002467,19.0982745293115
2025-07-31,100.02079403214556,18.893106485673634
2025-08-01,97.28550158945367,18.89214579247388
2025-08-04,98.13188706384058,18.739252048737
2025-08-05,99.65987709560513,18.953560645054722
2025-08-06,98.69786734312044,19.109886012681798
2025-08-07,97.48997848299007,18.266214304243015
2025-08-08,95.28979107960413,18.293050898274757
2025-08-11,93.68946097892905,18.014119531607992
2025-08-12,91.21394276977969,18.24659129450765
2025-08-13,92.52676256441966,18.50539879077421
2025-08-14,93.60226284059408,18.389629195935516
2025-08-15,95.53631067325324,18.657259270154338
2025-08-18,97.87213549515938,18.260412429849982
2025-08-19,98.38775504999785,18.31085293999845
2025-08-20,100.24999861183336,18.230524568551676
2025-08-21,101.58644347453577,18.144608420804683
2025-08-22,101.36142198143904,17.807017425008816
2025-08-25,99.0368226778536,17.37639297721339
2025-08-26,97.70030496127364,17.5085982899365
2025-08-27,95.945572083125,17.952720068831375
2025-08-28,97.43517698705182,17.909030277932377
2025-08-29,95.73475664963115,17.632274997843986
2025-09-01,97.97141631737036,17.65723348555562
2025-09-02,96.03255529689707,17.77800827990061
2025-09-03,97.1279503187861,18.249365828614007
2025-09-04,95.79705576034192,18.33025274681616
2025-09-05,96.60442021385691,18.314997770899264
2025-09-08,95.50805305501127,18.157801247811673
2025-09-09,94.67029936940214,18.554665405175207
2025-09-10,96.60924738739422,18.78204527057324
2025-09-11,94.96332612867828,19.322844322596165
2025-09-12,93.95660508301407,19.093386129752695
2025-09-15,91.86703702571914,18.95102389009927
2025-09-16,94.1699419097051,18.556124668665767
2025-09-17,90.63377267943558,18.320108513332755
2025-09-18,92.5975889858789,18.19647148562796
2025-09-19,92.02045988757709,18.2459693125048
2025-09-22,91.4033770333063,18.378133434969556
2025-09-23,92.22419265975098,18.309061753389138
2025-09-24,93.8618504213809,18.822073655495707
2025-09-25,93.58074534925659,18.464921689849593
2025-09-26,92.6670358249848,18.561642532650755
2025-09-29,94.83134723084612,18.72468670817151
2025-09-30,94.35235588349526,18.410821193733522
2025-10-01,95.28231234717299,18.133621862538526
2025-10-02,96.09171344719411,18.372659368439805
2025-10-03,94.14660200948767,18.399086226907386
2025-10-06,94.79965308169818,18.190241255368775
2025-10-07,93.29908460643297,18.196566325723754
2025-10-08,95.40285188547674,18.28641106426102
2025-10-09,92.74379808491874,18.38304763989924
2025-10-10,90.03929423964635,18.432780334739924
2025-10-13,90.1752574070731,18.93402362160061
2025-10-14,89.96118595622688,19.319656244357667
2025-10-15,88.40838037655618,19.262037289713433
2025-10-16,88.63709336426273,19.259880810469166
2025-10-17,86.4977913281526,19.453691276395855
2025-10-20,83.53980221863038,18.8954612154205
2025-10-21,82.18076163166222,19.32587316765336
2025-10-22,82.49147549517588,19.33101371899589
2025-10-23,82.21171714763926,19.27259940973495
2025-10-24,85.2670041034743,19.072204135094143
2025-10-27,85.03302962863371,19.272329610989864
2025-10-28,84.21386173201766,19.006735201276243
2025-10-29,81.9260437147804,18.967260816428368
2025-10-30,81.90411504875196,18.62124511182485
2025-10-31,79.78102981037473,18.294528288704587
2025-11-03,78.1505365361348,18.352101741648045
2025-11-04,76.11650927802177,18.243155467730958
2025-11-05,76.15165731194662,18.09324549446485
2025-11-06,77.28560928155686,18.206679206370755
2025-11-07,75.66414484638844,17.582369766808306
2025-11-10,75.78122123174346,17.797549596876923
2025-11-11,77.13606735969047,17.7892635150082
2025-11-12,79.13141130788664,17.211652978130683
2025-11-13,78.25915134056552,17.118146742651092
2025-11-14,78.44626994930003,16.66942492657068
2025-11-17,78.59459609796131,16.449836017985547
2025-11-18,77.39651353239877,17.05701988032432
2025-11-19,78.4856642138572,17.637492866802056
2025-11-20,76.8092703736251,17.808797411734883
2025-11-21,75.41510420696228,17.767089556024047
2025-11-24,75.58811552950758,17.459052946439133
2025-11-25,75.54490565213166,17.39542719786378
2025-11-26,75.99035537010968,17.620276664370245
2025-11-27,74.31790211349904,18.013569320533602
2025-11-28,73.09404260619881,18.13235705334138
2025-12-01,69.81896412477467,17.85543500513111
2025-12-02,70.27483611171836,17.24922250934881
2025-12-03,70.72380905010323,16.831199370968402
2025-12-04,68.99346288431568,16.680345722535176
2025-12-05,67.85842674662881,16.30892186730041
2025-12-08,68.0319226633694,16.424312198676848
2025-12-09,66.74055120929044,16.500484630568103
2025-12-10,67.61894329151086,16.83646015605178
2025-12-11,65.74106516462301,17.064842086148822
2025-12-12,65.96800760382727,16.976161522235955
2025-12-15,67.51027044565099,16.8529276684298
2025-12-16,67.45682397334328,16.74111258743186
2025-12-17,65.56348237239747,16.31726214520136
2025-12-18,66.01395199861842,15.843946994387947
2025-12-19,67.41066266136494,15.95290600046745
2025-12-22,65.87749296606114,15.795908344307154
2025-12-23,66.96606406562171,15.472510753925672
2025-12-24,66.76470510347251,15.576298043588023
2025-12-25,68.50962704634907,15.544497977014073
2025-12-26,68.50630694472417,15.289645415212545
2025-12-29,68.55302829381776,15.300754346587016
2025-12-30,67.86528551954416,15.469412914820388
2025-12-31,68.86616163888296,14.879540128580565
2026-01-01,71.5299209463353,15.10643216529335
2026-01-02,72.73560467874383,15.087624090989042
2026-01-05,71.57174694986948,14.907587874265806
2026-01-06,69.68388635696148,14.629097521949053
2026-01-07,70.31333360083308,14.775204387081345
2026-01-08,70.08687640480916,14.867807197254153
2026-01-09,68.66323619711187,14.742467510274432
2026-01-12,67.1683236717942,15.266612215363876
2026-01-13,68.41705592863364,15.488506441785306
2026-01-14,68.04080049735771,14.97430903348461
2026-01-15,67.79054253651522,15.720081804324884
2026-01-16,66.65626255858942,15.484755398092469
2026-01-19,66.54516947134265,15.75715980644146
2026-01-20,65.8317294666743,15.602540462904388
2026-01-21,66.74793736279094,16.01585013697633
2026-01-22,67.81075631449777,15.379120205549052
2026-01-23,67.66304295808915,15.445203585061735
2026-01-26,67.87396388038178,15.2283942557132
2026-01-27,68.15787300641134,14.934294362299726
2026-01-28,66.22258467537574,15.119058380125358
2026-01-29,64.97363836591678,15.116461420214216
2026-01-30,66.113744691725,14.880709209591547
2026-02-02,65.65813003947085,15.394965216713356
2026-02-03,65.70684261513706,15.652805416771985
2026-02-04,66.27861657348622,15.637922231554068
2026-02-05,65.77868796720719,15.549570751899042
2026-02-06,65.45453656860548,16.110781256028908
2026-02-09,63.57173260303092,15.95941084607645
2026-02-10,63.71103075888833,15.730754927618872
2026-02-11,61.35810137681501,15.754458074271065
2026-02-12,59.619908008626155,15.581777266546053
2026-02-13,60.48818677312666,16.15841113259956
2026-02-16,61.206605417957064,16.254540239244225
2026-02-17,60.999227943969196,15.741135426432537
2026-02-18,61.313775922251885,15.34897760082858
2026-02-19,62.17759664393224,15.117353006542944
2026-02-20,61.83735022846563,14.736396476189787
2026-02-23,63.33009869097974,14.471165219594894
2026-02-24,63.72795444186539,14.665779164015149
2026-02-25,63.07243295242204,14.825208295227752
2026-02-26,62.25660784693997,14.504028246956963
2026-02-27,62.238027497203305,14.356615327039162
2026-03-02,63.36461386809162,14.41875110078609
2026-03-03,63.63795767834154,14.129414756535775
2026-03-04,63.39699857215615,13.743826345750756
2026-03-05,62.91093881846394,13.219092208116061
2026-03-06,63.64955624847448,13.03958020416233
2026-03-09,62.74919118128275,13.132402061663777
2026-03-10,62.67583784117443,13.134875823212013
2026-03-11,61.18962455653419,12.909037328087646
2026-03-12,62.40534325747019,12.821338188683043
2026-03-13,63.36064633250657,12.715622623013934
2026-03-16,62.11531048670699,12.94455009331958
2026-03-17,61.12663647831674,13.06519472474403
2026-03-18,60.31537351989376,12.880107041414526
2026-03-19,61.54185742201212,12.677246310912524
2026-03-20,62.071510653854645,12.718171137229502
2026-03-23,61.66268408015861,12.439406613409732
2026-03-24,62.592894210979296,12.63213018207107
2026-03-25,61.112203214261775,12.08229950428596
2026-03-26,63.84109214546676,11.93636483701045
2026-03-27,64.74478828222098,12.024860052248986
2026-03-30,66.83771307242762,11.829352418949517
2026-03-31,67.57859653035521,11.831468328778888
2026-04-01,67.85010760246227,11.954104502228304
2026-04-02,67.52963402601318,12.068792030782154
2026-04-03,66.41859129986983,12.06585130228896
2026-04-06,65.96841327748822,12.260476236878565
2026-04-07,64.87104785140737,12.0219324550254
2026-04-08,64.2347275850213,11.918067670514958
2026-04-09,63.65846849266502,12.003845415431627
2026-04-10,63.652117347029275,11.86727639432093
2026-04-13,63.2529611761739,11.960245394462657
2026-04-14,64.12473390758014,12.005634992518953
2026-04-15,65.95612893670595,12.371359413093945
2026-04-16,66.58421813398478,11.904347964955166
2026-04-17,64.03423661947843,12.205902121968428
2026-04-20,63.34513464039547,12.023154136436762
2026-04-21,62.147634419727225,12.155577845623101
2026-04-22,61.32417690487665,12.38417719060354
2026-04-23,63.31439027173431,12.66723427915989
2026-04-24,62.293423904154146,12.73632057534334
2026-04-27,61.979494442741355,12.785106110644868
2026-04-28,61.383143897253326,12.62759438979648
2026-04-29,59.93701213140955,12.422328224569581
2026-04-30,60.46335844665987,12.514396074690898
2026-05-01,59.018401126041766,12.769217014499112
2026-05-04,60.33107763743144,12.852803740353213
2026-05-05,60.85392223667294,12.828470262293052
2026-05-06,59.43342894353638,12.707770119073936
2026-05-07,58.04898994413765,12.756172759006615
2026-05-08,56.85303090760356,12.697546144202045
2026-05-11,56.47373362560692,12.739352058269047
2026-05-12,56.30913573586164,12.684974025235288
2026-05-13,55.39729584680598,12.771184077528027
2026-05-14,55.73378438580682,13.093325171019936
2026-05-15,54.559773421120724,13.301971525032494
2026-05-18,56.316463175922,13.618849149036343
2026-05-19,56.65038649974272,13.64001847107694
2026-05-20,57.35279861815229,13.854984052658404
2026-05-21,55.81224592746611,13.636296378763308
2026-05-22,55.98343225955246,13.315416001169343
2026-05-25,55.54730329003561,13.146981777932213
2026-05-26,56.67515839136637,13.439292577757758
2026-05-27,56.48691581481225,13.504433015735618
2026-05-28,57.1045044199494,13.385734716730047
2026-05-29,56.52530132942258,12.984697498950858
2026-06-01,57.45769871473882,12.59728523506755
2026-06-02,56.10459922898601,12.669170107130222
2026-06-03,56.44338451592084,12.341770376462442
2026-06-04,55.34522802750332,12.187516692339791
2026-06-05,53.30214370998968,12.281530101094377
2026-06-08,54.280446585566246,12.283016862003047
2026-06-09,55.47762178917703,12.56375889653789
2026-06-10,54.9163149386305,12.460127898339337
2026-06-11,56.184444187403095,12.141860915539038
2026-06-12,53.254117072925446,12.33709067355649
2026-06-15,53.10813968374202,12.042274772892398
2026-06-16,53.10131012161978,12.338039632955137
2026-06-17,54.1336459254407,12.56304066483928
2026-06-18,51.93885430112256,12.54495578289827
2026-06-19,50.52677910533752,12.35756377871734
2026-06-22,51.00339032000276,12.346375106835838
2026-06-23,50.52316435113691,12.43017210280154
2026-06-24,50.59764543336283,12.622796557265875
2026-06-25,50.976599598017344,12.490353513041981
2026-06-26,50.49084916488351,12.371143040693157
2026-06-29,51.042342279595125,12.910865493228547
2026-06-30,50.81002557874445,12.500580059688861
2026-07-01,51.64435703620701,12.387243885813266
2026-07-02,50.912612975347486,12.559030185056358
2026-07-03,51.62932020724288,12.520451511435292
2026-07-06,51.539255437109816,12.396608609290984
2026-07-07,50.604526396978436,12.525457565783968
2026-07-08,50.6921996981272,12.096576594196417
2026-07-09,50.2239811829024,11.843767006839633
2026-07-10,50.988177812549885,11.775175075832818
2026-07-13,50.45490184031237,11.622932287020795
2026-07-14,51.41299895884407,11.274015011045947
2026-07-15,50.93445323734368,11.36346567151432
2026-07-16,51.3692118331,11.237029034087897
2026-07-17,50.608022691920034,11.48690939195185
2026-07-20,51.351949699405345,11.106271782866758
2026-07-21,50.59844588689455,11.360035668523977
2026-07-22,51.329163411174164,10.80547380476403
2026-07-23,52.105930773941495,10.803999698804706
2026-07-24,51.6011807279555,10.797087952445057
2026-07-27,50.898334856795785,10.772013159343446
2026-07-28,49.7380142901701,11.05081922929128
2026-07-29,49.06093041429458,10.627850952190595
2026-07-30,49.720872967610156,10.530304079029397
2026-07-31,48.00808371352755,10.205337187594413
2026-08-03,48.55974918007499,10.313477750454108
2026-08-04,47.77347378109544,10.001019090696511
2026-08-05,49.06913713106138,10.256317427649938
2026-08-06,49.77501933646894,10.115009920724448
2026-08-07,50.532188292800846,9.874776968673666
2026-08-10,49.60162015680232,10.188302589963161
2026-08-11,49.250468930774645,10.25352673817955
2026-08-12,50.15397493241714,10.587191588086577
2026-08-13,48.294238863884054,10.893702724614315
2026-08-14,48.6886569988445,10.686671069991364
2026-08-17,48.008539156086165,11.00525152397484
2026-08-18,46.273635196465605,11.353715064844764
2026-08-19,47.45714737727547,11.2945667646877
2026-08-20,46.87845242471397,11.113431366081471
2026-08-21,46.73482006585789,10.811639294073803
2026-08-24,47.104378294718934,10.880007211440535
2026-08-25,47.83579866473019,10.863240499697358
2026-08-26,46.928931241886566,11.050306103280192
2026-08-27,46.29918026113989,11.206595407442821
2026-08-28,46.020605722338075,11.197649882155376
2026-08-31,46.712892132213774,10.831309572994812
